source,run_id,split,original_image_path,original_file_name,image_id,original_width,original_height,yolo_label,coco_category_id,category_name,score,raw_box_original_xyxy,preprocessing,crop_path,crop_box_xyxy,crop_width,crop_height
yolo_two_stage,4ef020aad4,train,/work/data/classification_dataset/train/cate2-00098_jpg.rf.84a05e227522684a3fbc382976efa9b4.jpg,cate2-00098_jpg.rf.84a05e227522684a3fbc382976efa9b4.jpg,0,640,640,2,3,48,0.7446796298027039,"[431.2345886230469, 336.67791748046875, 488.4447326660156, 488.4099426269531]","{'orig_w': 640, 'orig_h': 640, 'zoom_box': (32, 64, 608, 640), 'inference_w': 576, 'inference_h': 576, 'scale': 1.1111111111111112, 'new_w': 640, 'new_h': 640, 'pad_w': 0, 'pad_h': 0}",/work/scripts/detection_pipeline/inference pipelines/dataprep/prepared_tooth_crops/4ef020aad4/train/cate2-00098_jpg.rf.84a05e227522684a3fbc382976efa9b4.jpg/yolo_000_class_3_score_0p745.jpg,"[431, 336, 489, 489]",58,153
yolo_two_stage,4ef020aad4,train,/work/data/classification_dataset/train/cate2-00098_jpg.rf.84a05e227522684a3fbc382976efa9b4.jpg,cate2-00098_jpg.rf.84a05e227522684a3fbc382976efa9b4.jpg,0,640,640,1,2,47,0.6912612318992615,"[470.795654296875, 327.9637756347656, 535.3466186523438, 459.93621826171875]","{'orig_w': 640, 'orig_h': 640, 'zoom_box': (32, 64, 608, 640), 'inference_w': 576, 'inference_h': 576, 'scale': 1.1111111111111112, 'new_w': 640, 'new_h': 640, 'pad_w': 0, 'pad_h': 0}",/work/scripts/detection_pipeline/inference pipelines/dataprep/prepared_tooth_crops/4ef020aad4/train/cate2-00098_jpg.rf.84a05e227522684a3fbc382976efa9b4.jpg/yolo_001_class_2_score_0p691.jpg,"[470, 327, 536, 460]",66,133
yolo_two_stage,4ef020aad4,train,/work/data/classification_dataset/train/cate2-00098_jpg.rf.84a05e227522684a3fbc382976efa9b4.jpg,cate2-00098_jpg.rf.84a05e227522684a3fbc382976efa9b4.jpg,0,640,640,31,32,77,0.6533340215682983,"[515.2780151367188, 326.0578308105469, 564.7515258789062, 446.8937072753906]","{'orig_w': 640, 'orig_h': 640, 'zoom_box': (32, 64, 608, 640), 'inference_w': 576, 'inference_h': 576, 'scale': 1.1111111111111112, 'new_w': 640, 'new_h': 640, 'pad_w': 0, 'pad_h': 0}",/work/scripts/detection_pipeline/inference pipelines/dataprep/prepared_tooth_crops/4ef020aad4/train/cate2-00098_jpg.rf.84a05e227522684a3fbc382976efa9b4.jpg/yolo_002_class_32_score_0p653.jpg,"[515, 326, 565, 447]",50,121
yolo_two_stage,4ef020aad4,train,/work/data/classification_dataset/train/cate2-00098_jpg.rf.84a05e227522684a3fbc382976efa9b4.jpg,cate2-00098_jpg.rf.84a05e227522684a3fbc382976efa9b4.jpg,0,640,640,17,18,63,0.6255456209182739,"[125.41912078857422, 336.7951354980469, 188.91981506347656, 471.37335205078125]","{'orig_w': 640, 'orig_h': 640, 'zoom_box': (32, 64, 608, 640), 'inference_w': 576, 'inference_h': 576, 'scale': 1.1111111111111112, 'new_w': 640, 'new_h': 640, 'pad_w': 0, 'pad_h': 0}",/work/scripts/detection_pipeline/inference pipelines/dataprep/prepared_tooth_crops/4ef020aad4/train/cate2-00098_jpg.rf.84a05e227522684a3fbc382976efa9b4.jpg/yolo_003_class_18_score_0p626.jpg,"[125, 336, 189, 472]",64,136
yolo_two_stage,4ef020aad4,train,/work/data/classification_dataset/train/cate2-00098_jpg.rf.84a05e227522684a3fbc382976efa9b4.jpg,cate2-00098_jpg.rf.84a05e227522684a3fbc382976efa9b4.jpg,0,640,640,22,23,68,0.6123006939888,"[382.32244873046875, 160.55819702148438, 406.6537780761719, 344.7188415527344]","{'orig_w': 640, 'orig_h': 640, 'zoom_box': (32, 64, 608, 640), 'inference_w': 576, 'inference_h': 576, 'scale': 1.1111111111111112, 'new_w': 640, 'new_h': 640, 'pad_w': 0, 'pad_h': 0}",/work/scripts/detection_pipeline/inference pipelines/dataprep/prepared_tooth_crops/4ef020aad4/train/cate2-00098_jpg.rf.84a05e227522684a3fbc382976efa9b4.jpg/yolo_004_class_23_score_0p612.jpg,"[382, 160, 407, 345]",25,185
yolo_two_stage,4ef020aad4,train,/work/data/classification_dataset/train/cate2-00098_jpg.rf.84a05e227522684a3fbc382976efa9b4.jpg,cate2-00098_jpg.rf.84a05e227522684a3fbc382976efa9b4.jpg,0,640,640,4,5,50,0.6121843457221985,"[406.7255554199219, 352.21478271484375, 444.0005798339844, 496.55023193359375]","{'orig_w': 640, 'orig_h': 640, 'zoom_box': (32, 64, 608, 640), 'inference_w': 576, 'inference_h': 576, 'scale': 1.1111111111111112, 'new_w': 640, 'new_h': 640, 'pad_w': 0, 'pad_h': 0}",/work/scripts/detection_pipeline/inference pipelines/dataprep/prepared_tooth_crops/4ef020aad4/train/cate2-00098_jpg.rf.84a05e227522684a3fbc382976efa9b4.jpg/yolo_005_class_5_score_0p612.jpg,"[406, 352, 445, 497]",39,145
yolo_two_stage,4ef020aad4,train,/work/data/classification_dataset/train/cate2-00098_jpg.rf.84a05e227522684a3fbc382976efa9b4.jpg,cate2-00098_jpg.rf.84a05e227522684a3fbc382976efa9b4.jpg,0,640,640,15,16,61,0.595756471157074,"[160.28732299804688, 176.59588623046875, 207.11398315429688, 323.18829345703125]","{'orig_w': 640, 'orig_h': 640, 'zoom_box': (32, 64, 608, 640), 'inference_w': 576, 'inference_h': 576, 'scale': 1.1111111111111112, 'new_w': 640, 'new_h': 640, 'pad_w': 0, 'pad_h': 0}",/work/scripts/detection_pipeline/inference pipelines/dataprep/prepared_tooth_crops/4ef020aad4/train/cate2-00098_jpg.rf.84a05e227522684a3fbc382976efa9b4.jpg/yolo_006_class_16_score_0p596.jpg,"[160, 176, 208, 324]",48,148
yolo_two_stage,4ef020aad4,train,/work/data/classification_dataset/train/cate2-00098_jpg.rf.84a05e227522684a3fbc382976efa9b4.jpg,cate2-00098_jpg.rf.84a05e227522684a3fbc382976efa9b4.jpg,0,640,640,28,29,74,0.586816132068634,"[458.56390380859375, 175.17266845703125, 501.2119445800781, 318.25225830078125]","{'orig_w': 640, 'orig_h': 640, 'zoom_box': (32, 64, 608, 640), 'inference_w': 576, 'inference_h': 576, 'scale': 1.1111111111111112, 'new_w': 640, 'new_h': 640, 'pad_w': 0, 'pad_h': 0}",/work/scripts/detection_pipeline/inference pipelines/dataprep/prepared_tooth_crops/4ef020aad4/train/cate2-00098_jpg.rf.84a05e227522684a3fbc382976efa9b4.jpg/yolo_007_class_29_score_0p587.jpg,"[458, 175, 502, 319]",44,144
yolo_two_stage,4ef020aad4,train,/work/data/classification_dataset/train/cate2-00098_jpg.rf.84a05e227522684a3fbc382976efa9b4.jpg,cate2-00098_jpg.rf.84a05e227522684a3fbc382976efa9b4.jpg,0,640,640,12,13,58,0.5857614874839783,"[263.292724609375, 352.6261291503906, 298.2746276855469, 500.4136962890625]","{'orig_w': 640, 'orig_h': 640, 'zoom_box': (32, 64, 608, 640), 'inference_w': 576, 'inference_h': 576, 'scale': 1.1111111111111112, 'new_w': 640, 'new_h': 640, 'pad_w': 0, 'pad_h': 0}",/work/scripts/detection_pipeline/inference pipelines/dataprep/prepared_tooth_crops/4ef020aad4/train/cate2-00098_jpg.rf.84a05e227522684a3fbc382976efa9b4.jpg/yolo_008_class_13_score_0p586.jpg,"[263, 352, 299, 501]",36,149
yolo_two_stage,4ef020aad4,train,/work/data/classification_dataset/train/cate2-00098_jpg.rf.84a05e227522684a3fbc382976efa9b4.jpg,cate2-00098_jpg.rf.84a05e227522684a3fbc382976efa9b4.jpg,0,640,640,10,11,56,0.5852071046829224,"[289.73272705078125, 364.7713623046875, 316.7165222167969, 479.6092529296875]","{'orig_w': 640, 'orig_h': 640, 'zoom_box': (32, 64, 608, 640), 'inference_w': 576, 'inference_h': 576, 'scale': 1.1111111111111112, 'new_w': 640, 'new_h': 640, 'pad_w': 0, 'pad_h': 0}",/work/scripts/detection_pipeline/inference pipelines/dataprep/prepared_tooth_crops/4ef020aad4/train/cate2-00098_jpg.rf.84a05e227522684a3fbc382976efa9b4.jpg/yolo_009_class_11_score_0p585.jpg,"[289, 364, 317, 480]",28,116
yolo_two_stage,4ef020aad4,train,/work/data/classification_dataset/train/cate2-00098_jpg.rf.84a05e227522684a3fbc382976efa9b4.jpg,cate2-00098_jpg.rf.84a05e227522684a3fbc382976efa9b4.jpg,0,640,640,16,17,62,0.5749161839485168,"[175.53225708007812, 351.61212158203125, 233.39141845703125, 495.1919250488281]","{'orig_w': 640, 'orig_h': 640, 'zoom_box': (32, 64, 608, 640), 'inference_w': 576, 'inference_h': 576, 'scale': 1.1111111111111112, 'new_w': 640, 'new_h': 640, 'pad_w': 0, 'pad_h': 0}",/work/scripts/detection_pipeline/inference pipelines/dataprep/prepared_tooth_crops/4ef020aad4/train/cate2-00098_jpg.rf.84a05e227522684a3fbc382976efa9b4.jpg/yolo_010_class_17_score_0p575.jpg,"[175, 351, 234, 496]",59,145
yolo_two_stage,4ef020aad4,train,/work/data/classification_dataset/train/cate2-00098_jpg.rf.84a05e227522684a3fbc382976efa9b4.jpg,cate2-00098_jpg.rf.84a05e227522684a3fbc382976efa9b4.jpg,0,640,640,5,6,51,0.5467905402183533,"[383.0553283691406, 360.7657470703125, 417.6062316894531, 499.93719482421875]","{'orig_w': 640, 'orig_h': 640, 'zoom_box': (32, 64, 608, 640), 'inference_w': 576, 'inference_h': 576, 'scale': 1.1111111111111112, 'new_w': 640, 'new_h': 640, 'pad_w': 0, 'pad_h': 0}",/work/scripts/detection_pipeline/inference pipelines/dataprep/prepared_tooth_crops/4ef020aad4/train/cate2-00098_jpg.rf.84a05e227522684a3fbc382976efa9b4.jpg/yolo_011_class_6_score_0p547.jpg,"[383, 360, 418, 500]",35,140
yolo_two_stage,4ef020aad4,train,/work/data/classification_dataset/train/cate2-00098_jpg.rf.84a05e227522684a3fbc382976efa9b4.jpg,cate2-00098_jpg.rf.84a05e227522684a3fbc382976efa9b4.jpg,0,640,640,29,30,75,0.5418055057525635,"[498.1758728027344, 165.33824157714844, 532.0819702148438, 306.965087890625]","{'orig_w': 640, 'orig_h': 640, 'zoom_box': (32, 64, 608, 640), 'inference_w': 576, 'inference_h': 576, 'scale': 1.1111111111111112, 'new_w': 640, 'new_h': 640, 'pad_w': 0, 'pad_h': 0}",/work/scripts/detection_pipeline/inference pipelines/dataprep/prepared_tooth_crops/4ef020aad4/train/cate2-00098_jpg.rf.84a05e227522684a3fbc382976efa9b4.jpg/yolo_012_class_30_score_0p542.jpg,"[498, 165, 533, 307]",35,142
yolo_two_stage,4ef020aad4,train,/work/data/classification_dataset/train/cate2-00098_jpg.rf.84a05e227522684a3fbc382976efa9b4.jpg,cate2-00098_jpg.rf.84a05e227522684a3fbc382976efa9b4.jpg,0,640,640,6,7,52,0.5137963891029358,"[362.5166015625, 363.68719482421875, 393.70404052734375, 504.4959716796875]","{'orig_w': 640, 'orig_h': 640, 'zoom_box': (32, 64, 608, 640), 'inference_w': 576, 'inference_h': 576, 'scale': 1.1111111111111112, 'new_w': 640, 'new_h': 640, 'pad_w': 0, 'pad_h': 0}",/work/scripts/detection_pipeline/inference pipelines/dataprep/prepared_tooth_crops/4ef020aad4/train/cate2-00098_jpg.rf.84a05e227522684a3fbc382976efa9b4.jpg/yolo_013_class_7_score_0p514.jpg,"[362, 363, 394, 505]",32,142
yolo_two_stage,4ef020aad4,train,/work/data/classification_dataset/train/cate2-00098_jpg.rf.84a05e227522684a3fbc382976efa9b4.jpg,cate2-00098_jpg.rf.84a05e227522684a3fbc382976efa9b4.jpg,0,640,640,3,4,49,0.5085928440093994,"[88.15068054199219, 153.25537109375, 136.85400390625, 302.5776672363281]","{'orig_w': 640, 'orig_h': 640, 'zoom_box': (32, 64, 608, 640), 'inference_w': 576, 'inference_h': 576, 'scale': 1.1111111111111112, 'new_w': 640, 'new_h': 640, 'pad_w': 0, 'pad_h': 0}",/work/scripts/detection_pipeline/inference pipelines/dataprep/prepared_tooth_crops/4ef020aad4/train/cate2-00098_jpg.rf.84a05e227522684a3fbc382976efa9b4.jpg/yolo_014_class_4_score_0p509.jpg,"[88, 153, 137, 303]",49,150
yolo_two_stage,4ef020aad4,train,/work/data/classification_dataset/train/cate2-00098_jpg.rf.84a05e227522684a3fbc382976efa9b4.jpg,cate2-00098_jpg.rf.84a05e227522684a3fbc382976efa9b4.jpg,0,640,640,27,28,73,0.5058723092079163,"[428.4351806640625, 183.6212921142578, 460.37890625, 317.40380859375]","{'orig_w': 640, 'orig_h': 640, 'zoom_box': (32, 64, 608, 640), 'inference_w': 576, 'inference_h': 576, 'scale': 1.1111111111111112, 'new_w': 640, 'new_h': 640, 'pad_w': 0, 'pad_h': 0}",/work/scripts/detection_pipeline/inference pipelines/dataprep/prepared_tooth_crops/4ef020aad4/train/cate2-00098_jpg.rf.84a05e227522684a3fbc382976efa9b4.jpg/yolo_015_class_28_score_0p506.jpg,"[428, 183, 461, 318]",33,135
yolo_two_stage,4ef020aad4,train,/work/data/classification_dataset/train/cate2-00098_jpg.rf.84a05e227522684a3fbc382976efa9b4.jpg,cate2-00098_jpg.rf.84a05e227522684a3fbc382976efa9b4.jpg,0,640,640,7,8,53,0.46762195229530334,"[342.8589782714844, 361.593994140625, 363.31494140625, 486.70465087890625]","{'orig_w': 640, 'orig_h': 640, 'zoom_box': (32, 64, 608, 640), 'inference_w': 576, 'inference_h': 576, 'scale': 1.1111111111111112, 'new_w': 640, 'new_h': 640, 'pad_w': 0, 'pad_h': 0}",/work/scripts/detection_pipeline/inference pipelines/dataprep/prepared_tooth_crops/4ef020aad4/train/cate2-00098_jpg.rf.84a05e227522684a3fbc382976efa9b4.jpg/yolo_016_class_8_score_0p468.jpg,"[342, 361, 364, 487]",22,126
yolo_two_stage,4ef020aad4,train,/work/data/classification_dataset/train/cate2-00098_jpg.rf.84a05e227522684a3fbc382976efa9b4.jpg,cate2-00098_jpg.rf.84a05e227522684a3fbc382976efa9b4.jpg,0,640,640,26,27,72,0.4266493022441864,"[403.0747985839844, 174.2288360595703, 436.40496826171875, 331.7953186035156]","{'orig_w': 640, 'orig_h': 640, 'zoom_box': (32, 64, 608, 640), 'inference_w': 576, 'inference_h': 576, 'scale': 1.1111111111111112, 'new_w': 640, 'new_h': 640, 'pad_w': 0, 'pad_h': 0}",/work/scripts/detection_pipeline/inference pipelines/dataprep/prepared_tooth_crops/4ef020aad4/train/cate2-00098_jpg.rf.84a05e227522684a3fbc382976efa9b4.jpg/yolo_017_class_27_score_0p427.jpg,"[403, 174, 437, 332]",34,158
yolo_two_stage,4ef020aad4,train,/work/data/classification_dataset/train/cate2-00098_jpg.rf.84a05e227522684a3fbc382976efa9b4.jpg,cate2-00098_jpg.rf.84a05e227522684a3fbc382976efa9b4.jpg,0,640,640,21,22,67,0.42461416125297546,"[252.9150848388672, 161.28150939941406, 288.9457702636719, 341.0999755859375]","{'orig_w': 640, 'orig_h': 640, 'zoom_box': (32, 64, 608, 640), 'inference_w': 576, 'inference_h': 576, 'scale': 1.1111111111111112, 'new_w': 640, 'new_h': 640, 'pad_w': 0, 'pad_h': 0}",/work/scripts/detection_pipeline/inference pipelines/dataprep/prepared_tooth_crops/4ef020aad4/train/cate2-00098_jpg.rf.84a05e227522684a3fbc382976efa9b4.jpg/yolo_018_class_22_score_0p425.jpg,"[252, 161, 289, 342]",37,181
yolo_two_stage,4ef020aad4,train,/work/data/classification_dataset/train/cate2-00098_jpg.rf.84a05e227522684a3fbc382976efa9b4.jpg,cate2-00098_jpg.rf.84a05e227522684a3fbc382976efa9b4.jpg,0,640,640,14,15,60,0.4123522937297821,"[206.98358154296875, 362.9578552246094, 259.20660400390625, 502.6461486816406]","{'orig_w': 640, 'orig_h': 640, 'zoom_box': (32, 64, 608, 640), 'inference_w': 576, 'inference_h': 576, 'scale': 1.1111111111111112, 'new_w': 640, 'new_h': 640, 'pad_w': 0, 'pad_h': 0}",/work/scripts/detection_pipeline/inference pipelines/dataprep/prepared_tooth_crops/4ef020aad4/train/cate2-00098_jpg.rf.84a05e227522684a3fbc382976efa9b4.jpg/yolo_019_class_15_score_0p412.jpg,"[206, 362, 260, 503]",54,141
yolo_two_stage,4ef020aad4,train,/work/data/classification_dataset/train/cate2-00098_jpg.rf.84a05e227522684a3fbc382976efa9b4.jpg,cate2-00098_jpg.rf.84a05e227522684a3fbc382976efa9b4.jpg,0,640,640,13,14,59,0.39527297019958496,"[241.20550537109375, 360.22320556640625, 272.107421875, 503.32611083984375]","{'orig_w': 640, 'orig_h': 640, 'zoom_box': (32, 64, 608, 640), 'inference_w': 576, 'inference_h': 576, 'scale': 1.1111111111111112, 'new_w': 640, 'new_h': 640, 'pad_w': 0, 'pad_h': 0}",/work/scripts/detection_pipeline/inference pipelines/dataprep/prepared_tooth_crops/4ef020aad4/train/cate2-00098_jpg.rf.84a05e227522684a3fbc382976efa9b4.jpg/yolo_020_class_14_score_0p395.jpg,"[241, 360, 273, 504]",32,144
yolo_two_stage,4ef020aad4,train,/work/data/classification_dataset/train/cate2-00098_jpg.rf.84a05e227522684a3fbc382976efa9b4.jpg,cate2-00098_jpg.rf.84a05e227522684a3fbc382976efa9b4.jpg,0,640,640,30,31,76,0.39520952105522156,"[519.9342041015625, 149.3776092529297, 564.715087890625, 283.939208984375]","{'orig_w': 640, 'orig_h': 640, 'zoom_box': (32, 64, 608, 640), 'inference_w': 576, 'inference_h': 576, 'scale': 1.1111111111111112, 'new_w': 640, 'new_h': 640, 'pad_w': 0, 'pad_h': 0}",/work/scripts/detection_pipeline/inference pipelines/dataprep/prepared_tooth_crops/4ef020aad4/train/cate2-00098_jpg.rf.84a05e227522684a3fbc382976efa9b4.jpg/yolo_021_class_31_score_0p395.jpg,"[519, 149, 565, 284]",46,135
yolo_two_stage,4ef020aad4,train,/work/data/classification_dataset/train/cate2-00098_jpg.rf.84a05e227522684a3fbc382976efa9b4.jpg,cate2-00098_jpg.rf.84a05e227522684a3fbc382976efa9b4.jpg,0,640,640,25,26,71,0.36957648396492004,"[331.3486633300781, 193.4372100830078, 360.84796142578125, 349.41851806640625]","{'orig_w': 640, 'orig_h': 640, 'zoom_box': (32, 64, 608, 640), 'inference_w': 576, 'inference_h': 576, 'scale': 1.1111111111111112, 'new_w': 640, 'new_h': 640, 'pad_w': 0, 'pad_h': 0}",/work/scripts/detection_pipeline/inference pipelines/dataprep/prepared_tooth_crops/4ef020aad4/train/cate2-00098_jpg.rf.84a05e227522684a3fbc382976efa9b4.jpg/yolo_022_class_26_score_0p370.jpg,"[331, 193, 361, 350]",30,157
yolo_two_stage,4ef020aad4,train,/work/data/classification_dataset/train/cate2-00098_jpg.rf.84a05e227522684a3fbc382976efa9b4.jpg,cate2-00098_jpg.rf.84a05e227522684a3fbc382976efa9b4.jpg,0,640,640,11,12,57,0.3287958800792694,"[357.1498718261719, 184.8953094482422, 384.1382751464844, 346.08599853515625]","{'orig_w': 640, 'orig_h': 640, 'zoom_box': (32, 64, 608, 640), 'inference_w': 576, 'inference_h': 576, 'scale': 1.1111111111111112, 'new_w': 640, 'new_h': 640, 'pad_w': 0, 'pad_h': 0}",/work/scripts/detection_pipeline/inference pipelines/dataprep/prepared_tooth_crops/4ef020aad4/train/cate2-00098_jpg.rf.84a05e227522684a3fbc382976efa9b4.jpg/yolo_023_class_12_score_0p329.jpg,"[357, 184, 385, 347]",28,163
yolo_two_stage,4ef020aad4,train,/work/data/classification_dataset/train/cate4-00001_jpg.rf.4783271f6cc246259775e4cdd0d49930.jpg,cate4-00001_jpg.rf.4783271f6cc246259775e4cdd0d49930.jpg,1,640,640,0,1,3M ESPE Implant,0.8905214667320251,"[132.74940490722656, 203.46168518066406, 177.21945190429688, 299.77020263671875]","{'orig_w': 640, 'orig_h': 640, 'zoom_box': (32, 64, 608, 640), 'inference_w': 576, 'inference_h': 576, 'scale': 1.1111111111111112, 'new_w': 640, 'new_h': 640, 'pad_w': 0, 'pad_h': 0}",/work/scripts/detection_pipeline/inference pipelines/dataprep/prepared_tooth_crops/4ef020aad4/train/cate4-00001_jpg.rf.4783271f6cc246259775e4cdd0d49930.jpg/yolo_000_class_1_score_0p891.jpg,"[132, 203, 178, 300]",46,97
yolo_two_stage,4ef020aad4,train,/work/data/classification_dataset/train/cate4-00001_jpg.rf.4783271f6cc246259775e4cdd0d49930.jpg,cate4-00001_jpg.rf.4783271f6cc246259775e4cdd0d49930.jpg,1,640,640,18,19,64,0.7389524579048157,"[108.94982147216797, 305.54107666015625, 170.50064086914062, 404.5870361328125]","{'orig_w': 640, 'orig_h': 640, 'zoom_box': (32, 64, 608, 640), 'inference_w': 576, 'inference_h': 576, 'scale': 1.1111111111111112, 'new_w': 640, 'new_h': 640, 'pad_w': 0, 'pad_h': 0}",/work/scripts/detection_pipeline/inference pipelines/dataprep/prepared_tooth_crops/4ef020aad4/train/cate4-00001_jpg.rf.4783271f6cc246259775e4cdd0d49930.jpg/yolo_001_class_19_score_0p739.jpg,"[108, 305, 171, 405]",63,100
yolo_two_stage,4ef020aad4,train,/work/data/classification_dataset/train/cate4-00001_jpg.rf.4783271f6cc246259775e4cdd0d49930.jpg,cate4-00001_jpg.rf.4783271f6cc246259775e4cdd0d49930.jpg,1,640,640,31,32,77,0.7297907471656799,"[479.3938293457031, 293.815185546875, 523.82421875, 377.9107971191406]","{'orig_w': 640, 'orig_h': 640, 'zoom_box': (32, 64, 608, 640), 'inference_w': 576, 'inference_h': 576, 'scale': 1.1111111111111112, 'new_w': 640, 'new_h': 640, 'pad_w': 0, 'pad_h': 0}",/work/scripts/detection_pipeline/inference pipelines/dataprep/prepared_tooth_crops/4ef020aad4/train/cate4-00001_jpg.rf.4783271f6cc246259775e4cdd0d49930.jpg/yolo_002_class_32_score_0p730.jpg,"[479, 293, 524, 378]",45,85
yolo_two_stage,4ef020aad4,train,/work/data/classification_dataset/train/cate4-00001_jpg.rf.4783271f6cc246259775e4cdd0d49930.jpg,cate4-00001_jpg.rf.4783271f6cc246259775e4cdd0d49930.jpg,1,640,640,17,18,63,0.7233295440673828,"[137.44332885742188, 342.53985595703125, 197.50904846191406, 455.3052673339844]","{'orig_w': 640, 'orig_h': 640, 'zoom_box': (32, 64, 608, 640), 'inference_w': 576, 'inference_h': 576, 'scale': 1.1111111111111112, 'new_w': 640, 'new_h': 640, 'pad_w': 0, 'pad_h': 0}",/work/scripts/detection_pipeline/inference pipelines/dataprep/prepared_tooth_crops/4ef020aad4/train/cate4-00001_jpg.rf.4783271f6cc246259775e4cdd0d49930.jpg/yolo_003_class_18_score_0p723.jpg,"[137, 342, 198, 456]",61,114
yolo_two_stage,4ef020aad4,train,/work/data/classification_dataset/train/cate4-00001_jpg.rf.4783271f6cc246259775e4cdd0d49930.jpg,cate4-00001_jpg.rf.4783271f6cc246259775e4cdd0d49930.jpg,1,640,640,29,30,75,0.6966357827186584,"[447.18756103515625, 196.5601806640625, 486.0715026855469, 300.67755126953125]","{'orig_w': 640, 'orig_h': 640, 'zoom_box': (32, 64, 608, 640), 'inference_w': 576, 'inference_h': 576, 'scale': 1.1111111111111112, 'new_w': 640, 'new_h': 640, 'pad_w': 0, 'pad_h': 0}",/work/scripts/detection_pipeline/inference pipelines/dataprep/prepared_tooth_crops/4ef020aad4/train/cate4-00001_jpg.rf.4783271f6cc246259775e4cdd0d49930.jpg/yolo_004_class_30_score_0p697.jpg,"[447, 196, 487, 301]",40,105
yolo_two_stage,4ef020aad4,train,/work/data/classification_dataset/train/cate4-00001_jpg.rf.4783271f6cc246259775e4cdd0d49930.jpg,cate4-00001_jpg.rf.4783271f6cc246259775e4cdd0d49930.jpg,1,640,640,3,4,49,0.68980872631073,"[159.85946655273438, 210.50277709960938, 199.10235595703125, 325.0180358886719]","{'orig_w': 640, 'orig_h': 640, 'zoom_box': (32, 64, 608, 640), 'inference_w': 576, 'inference_h': 576, 'scale': 1.1111111111111112, 'new_w': 640, 'new_h': 640, 'pad_w': 0, 'pad_h': 0}",/work/scripts/detection_pipeline/inference pipelines/dataprep/prepared_tooth_crops/4ef020aad4/train/cate4-00001_jpg.rf.4783271f6cc246259775e4cdd0d49930.jpg/yolo_005_class_4_score_0p690.jpg,"[159, 210, 200, 326]",41,116
yolo_two_stage,4ef020aad4,train,/work/data/classification_dataset/train/cate4-00001_jpg.rf.4783271f6cc246259775e4cdd0d49930.jpg,cate4-00001_jpg.rf.4783271f6cc246259775e4cdd0d49930.jpg,1,640,640,1,2,47,0.6759469509124756,"[451.2048034667969, 327.4539489746094, 505.6327819824219, 439.84765625]","{'orig_w': 640, 'orig_h': 640, 'zoom_box': (32, 64, 608, 640), 'inference_w': 576, 'inference_h': 576, 'scale': 1.1111111111111112, 'new_w': 640, 'new_h': 640, 'pad_w': 0, 'pad_h': 0}",/work/scripts/detection_pipeline/inference pipelines/dataprep/prepared_tooth_crops/4ef020aad4/train/cate4-00001_jpg.rf.4783271f6cc246259775e4cdd0d49930.jpg/yolo_006_class_2_score_0p676.jpg,"[451, 327, 506, 440]",55,113
yolo_two_stage,4ef020aad4,train,/work/data/classification_dataset/train/cate4-00001_jpg.rf.4783271f6cc246259775e4cdd0d49930.jpg,cate4-00001_jpg.rf.4783271f6cc246259775e4cdd0d49930.jpg,1,640,640,6,7,52,0.6671204566955566,"[356.62200927734375, 372.2752685546875, 385.7217102050781, 498.8158264160156]","{'orig_w': 640, 'orig_h': 640, 'zoom_box': (32, 64, 608, 640), 'inference_w': 576, 'inference_h': 576, 'scale': 1.1111111111111112, 'new_w': 640, 'new_h': 640, 'pad_w': 0, 'pad_h': 0}",/work/scripts/detection_pipeline/inference pipelines/dataprep/prepared_tooth_crops/4ef020aad4/train/cate4-00001_jpg.rf.4783271f6cc246259775e4cdd0d49930.jpg/yolo_007_class_7_score_0p667.jpg,"[356, 372, 386, 499]",30,127
yolo_two_stage,4ef020aad4,train,/work/data/classification_dataset/train/cate4-00001_jpg.rf.4783271f6cc246259775e4cdd0d49930.jpg,cate4-00001_jpg.rf.4783271f6cc246259775e4cdd0d49930.jpg,1,640,640,15,16,61,0.6427993178367615,"[187.5819549560547, 221.5088653564453, 227.5047607421875, 341.7877197265625]","{'orig_w': 640, 'orig_h': 640, 'zoom_box': (32, 64, 608, 640), 'inference_w': 576, 'inference_h': 576, 'scale': 1.1111111111111112, 'new_w': 640, 'new_h': 640, 'pad_w': 0, 'pad_h': 0}",/work/scripts/detection_pipeline/inference pipelines/dataprep/prepared_tooth_crops/4ef020aad4/train/cate4-00001_jpg.rf.4783271f6cc246259775e4cdd0d49930.jpg/yolo_008_class_16_score_0p643.jpg,"[187, 221, 228, 342]",41,121
yolo_two_stage,4ef020aad4,train,/work/data/classification_dataset/train/cate4-00001_jpg.rf.4783271f6cc246259775e4cdd0d49930.jpg,cate4-00001_jpg.rf.4783271f6cc246259775e4cdd0d49930.jpg,1,640,640,2,3,48,0.6339772939682007,"[414.6143493652344, 347.1016845703125, 469.3982849121094, 470.5133056640625]","{'orig_w': 640, 'orig_h': 640, 'zoom_box': (32, 64, 608, 640), 'inference_w': 576, 'inference_h': 576, 'scale': 1.1111111111111112, 'new_w': 640, 'new_h': 640, 'pad_w': 0, 'pad_h': 0}",/work/scripts/detection_pipeline/inference pipelines/dataprep/prepared_tooth_crops/4ef020aad4/train/cate4-00001_jpg.rf.4783271f6cc246259775e4cdd0d49930.jpg/yolo_009_class_3_score_0p634.jpg,"[414, 347, 470, 471]",56,124
yolo_two_stage,4ef020aad4,train,/work/data/classification_dataset/train/cate4-00001_jpg.rf.4783271f6cc246259775e4cdd0d49930.jpg,cate4-00001_jpg.rf.4783271f6cc246259775e4cdd0d49930.jpg,1,640,640,11,12,57,0.6197631359100342,"[346.33343505859375, 229.31607055664062, 368.16400146484375, 361.2206726074219]","{'orig_w': 640, 'orig_h': 640, 'zoom_box': (32, 64, 608, 640), 'inference_w': 576, 'inference_h': 576, 'scale': 1.1111111111111112, 'new_w': 640, 'new_h': 640, 'pad_w': 0, 'pad_h': 0}",/work/scripts/detection_pipeline/inference pipelines/dataprep/prepared_tooth_crops/4ef020aad4/train/cate4-00001_jpg.rf.4783271f6cc246259775e4cdd0d49930.jpg/yolo_010_class_12_score_0p620.jpg,"[346, 229, 369, 362]",23,133
yolo_two_stage,4ef020aad4,train,/work/data/classification_dataset/train/cate4-00001_jpg.rf.4783271f6cc246259775e4cdd0d49930.jpg,cate4-00001_jpg.rf.4783271f6cc246259775e4cdd0d49930.jpg,1,640,640,24,25,70,0.6162458658218384,"[300.5055236816406, 227.46737670898438, 327.01837158203125, 364.4817810058594]","{'orig_w': 640, 'orig_h': 640, 'zoom_box': (32, 64, 608, 640), 'inference_w': 576, 'inference_h': 576, 'scale': 1.1111111111111112, 'new_w': 640, 'new_h': 640, 'pad_w': 0, 'pad_h': 0}",/work/scripts/detection_pipeline/inference pipelines/dataprep/prepared_tooth_crops/4ef020aad4/train/cate4-00001_jpg.rf.4783271f6cc246259775e4cdd0d49930.jpg/yolo_011_class_25_score_0p616.jpg,"[300, 227, 328, 365]",28,138
yolo_two_stage,4ef020aad4,train,/work/data/classification_dataset/train/cate4-00001_jpg.rf.4783271f6cc246259775e4cdd0d49930.jpg,cate4-00001_jpg.rf.4783271f6cc246259775e4cdd0d49930.jpg,1,640,640,28,29,74,0.603908896446228,"[423.4385986328125, 204.0957794189453, 458.0491027832031, 322.9256591796875]","{'orig_w': 640, 'orig_h': 640, 'zoom_box': (32, 64, 608, 640), 'inference_w': 576, 'inference_h': 576, 'scale': 1.1111111111111112, 'new_w': 640, 'new_h': 640, 'pad_w': 0, 'pad_h': 0}",/work/scripts/detection_pipeline/inference pipelines/dataprep/prepared_tooth_crops/4ef020aad4/train/cate4-00001_jpg.rf.4783271f6cc246259775e4cdd0d49930.jpg/yolo_012_class_29_score_0p604.jpg,"[423, 204, 459, 323]",36,119
yolo_two_stage,4ef020aad4,train,/work/data/classification_dataset/train/cate4-00001_jpg.rf.4783271f6cc246259775e4cdd0d49930.jpg,cate4-00001_jpg.rf.4783271f6cc246259775e4cdd0d49930.jpg,1,640,640,30,31,76,0.5967893600463867,"[468.67926025390625, 192.02606201171875, 509.59735107421875, 278.3346862792969]","{'orig_w': 640, 'orig_h': 640, 'zoom_box': (32, 64, 608, 640), 'inference_w': 576, 'inference_h': 576, 'scale': 1.1111111111111112, 'new_w': 640, 'new_h': 640, 'pad_w': 0, 'pad_h': 0}",/work/scripts/detection_pipeline/inference pipelines/dataprep/prepared_tooth_crops/4ef020aad4/train/cate4-00001_jpg.rf.4783271f6cc246259775e4cdd0d49930.jpg/yolo_013_class_31_score_0p597.jpg,"[468, 192, 510, 279]",42,87
yolo_two_stage,4ef020aad4,train,/work/data/classification_dataset/train/cate4-00001_jpg.rf.4783271f6cc246259775e4cdd0d49930.jpg,cate4-00001_jpg.rf.4783271f6cc246259775e4cdd0d49930.jpg,1,640,640,4,5,50,0.5919060111045837,"[397.7012634277344, 364.97381591796875, 426.5798645019531, 487.67742919921875]","{'orig_w': 640, 'orig_h': 640, 'zoom_box': (32, 64, 608, 640), 'inference_w': 576, 'inference_h': 576, 'scale': 1.1111111111111112, 'new_w': 640, 'new_h': 640, 'pad_w': 0, 'pad_h': 0}",/work/scripts/detection_pipeline/inference pipelines/dataprep/prepared_tooth_crops/4ef020aad4/train/cate4-00001_jpg.rf.4783271f6cc246259775e4cdd0d49930.jpg/yolo_014_class_5_score_0p592.jpg,"[397, 364, 427, 488]",30,124
yolo_two_stage,4ef020aad4,train,/work/data/classification_dataset/train/cate4-00001_jpg.rf.4783271f6cc246259775e4cdd0d49930.jpg,cate4-00001_jpg.rf.4783271f6cc246259775e4cdd0d49930.jpg,1,640,640,20,21,66,0.5741419792175293,"[239.04519653320312, 226.2776641845703, 268.76007080078125, 353.20904541015625]","{'orig_w': 640, 'orig_h': 640, 'zoom_box': (32, 64, 608, 640), 'inference_w': 576, 'inference_h': 576, 'scale': 1.1111111111111112, 'new_w': 640, 'new_h': 640, 'pad_w': 0, 'pad_h': 0}",/work/scripts/detection_pipeline/inference pipelines/dataprep/prepared_tooth_crops/4ef020aad4/train/cate4-00001_jpg.rf.4783271f6cc246259775e4cdd0d49930.jpg/yolo_015_class_21_score_0p574.jpg,"[239, 226, 269, 354]",30,128
yolo_two_stage,4ef020aad4,train,/work/data/classification_dataset/train/cate4-00001_jpg.rf.4783271f6cc246259775e4cdd0d49930.jpg,cate4-00001_jpg.rf.4783271f6cc246259775e4cdd0d49930.jpg,1,640,640,19,20,65,0.5726345777511597,"[223.2482147216797, 224.2471466064453, 249.78887939453125, 345.079833984375]","{'orig_w': 640, 'orig_h': 640, 'zoom_box': (32, 64, 608, 640), 'inference_w': 576, 'inference_h': 576, 'scale': 1.1111111111111112, 'new_w': 640, 'new_h': 640, 'pad_w': 0, 'pad_h': 0}",/work/scripts/detection_pipeline/inference pipelines/dataprep/prepared_tooth_crops/4ef020aad4/train/cate4-00001_jpg.rf.4783271f6cc246259775e4cdd0d49930.jpg/yolo_016_class_20_score_0p573.jpg,"[223, 224, 250, 346]",27,122
yolo_two_stage,4ef020aad4,train,/work/data/classification_dataset/train/cate4-00001_jpg.rf.4783271f6cc246259775e4cdd0d49930.jpg,cate4-00001_jpg.rf.4783271f6cc246259775e4cdd0d49930.jpg,1,640,640,10,11,56,0.5643711686134338,"[289.90069580078125, 377.24658203125, 311.6681823730469, 484.49169921875]","{'orig_w': 640, 'orig_h': 640, 'zoom_box': (32, 64, 608, 640), 'inference_w': 576, 'inference_h': 576, 'scale': 1.1111111111111112, 'new_w': 640, 'new_h': 640, 'pad_w': 0, 'pad_h': 0}",/work/scripts/detection_pipeline/inference pipelines/dataprep/prepared_tooth_crops/4ef020aad4/train/cate4-00001_jpg.rf.4783271f6cc246259775e4cdd0d49930.jpg/yolo_017_class_11_score_0p564.jpg,"[289, 377, 312, 485]",23,108
yolo_two_stage,4ef020aad4,train,/work/data/classification_dataset/train/cate4-00001_jpg.rf.4783271f6cc246259775e4cdd0d49930.jpg,cate4-00001_jpg.rf.4783271f6cc246259775e4cdd0d49930.jpg,1,640,640,27,28,73,0.5547859072685242,"[403.46112060546875, 217.31329345703125, 428.9199523925781, 337.937255859375]","{'orig_w': 640, 'orig_h': 640, 'zoom_box': (32, 64, 608, 640), 'inference_w': 576, 'inference_h': 576, 'scale': 1.1111111111111112, 'new_w': 640, 'new_h': 640, 'pad_w': 0, 'pad_h': 0}",/work/scripts/detection_pipeline/inference pipelines/dataprep/prepared_tooth_crops/4ef020aad4/train/cate4-00001_jpg.rf.4783271f6cc246259775e4cdd0d49930.jpg/yolo_018_class_28_score_0p555.jpg,"[403, 217, 429, 338]",26,121
yolo_two_stage,4ef020aad4,train,/work/data/classification_dataset/train/cate4-00001_jpg.rf.4783271f6cc246259775e4cdd0d49930.jpg,cate4-00001_jpg.rf.4783271f6cc246259775e4cdd0d49930.jpg,1,640,640,12,13,58,0.5512385368347168,"[268.02264404296875, 372.7869567871094, 297.30169677734375, 500.9333190917969]","{'orig_w': 640, 'orig_h': 640, 'zoom_box': (32, 64, 608, 640), 'inference_w': 576, 'inference_h': 576, 'scale': 1.1111111111111112, 'new_w': 640, 'new_h': 640, 'pad_w': 0, 'pad_h': 0}",/work/scripts/detection_pipeline/inference pipelines/dataprep/prepared_tooth_crops/4ef020aad4/train/cate4-00001_jpg.rf.4783271f6cc246259775e4cdd0d49930.jpg/yolo_019_class_13_score_0p551.jpg,"[268, 372, 298, 501]",30,129
yolo_two_stage,4ef020aad4,train,/work/data/classification_dataset/train/cate4-00001_jpg.rf.4783271f6cc246259775e4cdd0d49930.jpg,cate4-00001_jpg.rf.4783271f6cc246259775e4cdd0d49930.jpg,1,640,640,8,9,54,0.5447497367858887,"[323.9655456542969, 376.0908508300781, 345.9810485839844, 476.55181884765625]","{'orig_w': 640, 'orig_h': 640, 'zoom_box': (32, 64, 608, 640), 'inference_w': 576, 'inference_h': 576, 'scale': 1.1111111111111112, 'new_w': 640, 'new_h': 640, 'pad_w': 0, 'pad_h': 0}",/work/scripts/detection_pipeline/inference pipelines/dataprep/prepared_tooth_crops/4ef020aad4/train/cate4-00001_jpg.rf.4783271f6cc246259775e4cdd0d49930.jpg/yolo_020_class_9_score_0p545.jpg,"[323, 376, 346, 477]",23,101
yolo_two_stage,4ef020aad4,train,/work/data/classification_dataset/train/cate4-00001_jpg.rf.4783271f6cc246259775e4cdd0d49930.jpg,cate4-00001_jpg.rf.4783271f6cc246259775e4cdd0d49930.jpg,1,640,640,7,8,53,0.5174373984336853,"[338.8764343261719, 371.98687744140625, 364.4141540527344, 483.0344543457031]","{'orig_w': 640, 'orig_h': 640, 'zoom_box': (32, 64, 608, 640), 'inference_w': 576, 'inference_h': 576, 'scale': 1.1111111111111112, 'new_w': 640, 'new_h': 640, 'pad_w': 0, 'pad_h': 0}",/work/scripts/detection_pipeline/inference pipelines/dataprep/prepared_tooth_crops/4ef020aad4/train/cate4-00001_jpg.rf.4783271f6cc246259775e4cdd0d49930.jpg/yolo_021_class_8_score_0p517.jpg,"[338, 371, 365, 484]",27,113
yolo_two_stage,4ef020aad4,train,/work/data/classification_dataset/train/cate4-00001_jpg.rf.4783271f6cc246259775e4cdd0d49930.jpg,cate4-00001_jpg.rf.4783271f6cc246259775e4cdd0d49930.jpg,1,640,640,26,27,72,0.4988265037536621,"[382.8620910644531, 217.09014892578125, 409.58587646484375, 344.48095703125]","{'orig_w': 640, 'orig_h': 640, 'zoom_box': (32, 64, 608, 640), 'inference_w': 576, 'inference_h': 576, 'scale': 1.1111111111111112, 'new_w': 640, 'new_h': 640, 'pad_w': 0, 'pad_h': 0}",/work/scripts/detection_pipeline/inference pipelines/dataprep/prepared_tooth_crops/4ef020aad4/train/cate4-00001_jpg.rf.4783271f6cc246259775e4cdd0d49930.jpg/yolo_022_class_27_score_0p499.jpg,"[382, 217, 410, 345]",28,128
yolo_two_stage,4ef020aad4,train,/work/data/classification_dataset/train/cate4-00001_jpg.rf.4783271f6cc246259775e4cdd0d49930.jpg,cate4-00001_jpg.rf.4783271f6cc246259775e4cdd0d49930.jpg,1,640,640,16,17,62,0.4956359565258026,"[182.19944763183594, 362.1659240722656, 231.51885986328125, 478.5205383300781]","{'orig_w': 640, 'orig_h': 640, 'zoom_box': (32, 64, 608, 640), 'inference_w': 576, 'inference_h': 576, 'scale': 1.1111111111111112, 'new_w': 640, 'new_h': 640, 'pad_w': 0, 'pad_h': 0}",/work/scripts/detection_pipeline/inference pipelines/dataprep/prepared_tooth_crops/4ef020aad4/train/cate4-00001_jpg.rf.4783271f6cc246259775e4cdd0d49930.jpg/yolo_023_class_17_score_0p496.jpg,"[182, 362, 232, 479]",50,117
yolo_two_stage,4ef020aad4,train,/work/data/classification_dataset/train/cate4-00001_jpg.rf.4783271f6cc246259775e4cdd0d49930.jpg,cate4-00001_jpg.rf.4783271f6cc246259775e4cdd0d49930.jpg,1,640,640,14,15,60,0.4841972589492798,"[218.77601623535156, 368.20782470703125, 254.0762939453125, 493.9332580566406]","{'orig_w': 640, 'orig_h': 640, 'zoom_box': (32, 64, 608, 640), 'inference_w': 576, 'inference_h': 576, 'scale': 1.1111111111111112, 'new_w': 640, 'new_h': 640, 'pad_w': 0, 'pad_h': 0}",/work/scripts/detection_pipeline/inference pipelines/dataprep/prepared_tooth_crops/4ef020aad4/train/cate4-00001_jpg.rf.4783271f6cc246259775e4cdd0d49930.jpg/yolo_024_class_15_score_0p484.jpg,"[218, 368, 255, 494]",37,126
yolo_two_stage,4ef020aad4,train,/work/data/classification_dataset/train/cate4-00001_jpg.rf.4783271f6cc246259775e4cdd0d49930.jpg,cate4-00001_jpg.rf.4783271f6cc246259775e4cdd0d49930.jpg,1,640,640,13,14,59,0.4788280725479126,"[246.01190185546875, 378.71527099609375, 277.0889587402344, 493.69708251953125]","{'orig_w': 640, 'orig_h': 640, 'zoom_box': (32, 64, 608, 640), 'inference_w': 576, 'inference_h': 576, 'scale': 1.1111111111111112, 'new_w': 640, 'new_h': 640, 'pad_w': 0, 'pad_h': 0}",/work/scripts/detection_pipeline/inference pipelines/dataprep/prepared_tooth_crops/4ef020aad4/train/cate4-00001_jpg.rf.4783271f6cc246259775e4cdd0d49930.jpg/yolo_025_class_14_score_0p479.jpg,"[246, 378, 278, 494]",32,116
yolo_two_stage,4ef020aad4,train,/work/data/classification_dataset/train/cate4-00001_jpg.rf.4783271f6cc246259775e4cdd0d49930.jpg,cate4-00001_jpg.rf.4783271f6cc246259775e4cdd0d49930.jpg,1,640,640,5,6,51,0.4761594533920288,"[378.2803955078125, 369.1353759765625, 410.51470947265625, 493.7738952636719]","{'orig_w': 640, 'orig_h': 640, 'zoom_box': (32, 64, 608, 640), 'inference_w': 576, 'inference_h': 576, 'scale': 1.1111111111111112, 'new_w': 640, 'new_h': 640, 'pad_w': 0, 'pad_h': 0}",/work/scripts/detection_pipeline/inference pipelines/dataprep/prepared_tooth_crops/4ef020aad4/train/cate4-00001_jpg.rf.4783271f6cc246259775e4cdd0d49930.jpg/yolo_026_class_6_score_0p476.jpg,"[378, 369, 411, 494]",33,125
yolo_two_stage,4ef020aad4,train,/work/data/classification_dataset/train/cate4-00001_jpg.rf.4783271f6cc246259775e4cdd0d49930.jpg,cate4-00001_jpg.rf.4783271f6cc246259775e4cdd0d49930.jpg,1,640,640,23,24,69,0.46519020199775696,"[281.16876220703125, 233.14219665527344, 307.2372131347656, 362.7232971191406]","{'orig_w': 640, 'orig_h': 640, 'zoom_box': (32, 64, 608, 640), 'inference_w': 576, 'inference_h': 576, 'scale': 1.1111111111111112, 'new_w': 640, 'new_h': 640, 'pad_w': 0, 'pad_h': 0}",/work/scripts/detection_pipeline/inference pipelines/dataprep/prepared_tooth_crops/4ef020aad4/train/cate4-00001_jpg.rf.4783271f6cc246259775e4cdd0d49930.jpg/yolo_027_class_24_score_0p465.jpg,"[281, 233, 308, 363]",27,130
yolo_two_stage,4ef020aad4,train,/work/data/classification_dataset/train/cate4-00001_jpg.rf.4783271f6cc246259775e4cdd0d49930.jpg,cate4-00001_jpg.rf.4783271f6cc246259775e4cdd0d49930.jpg,1,640,640,22,23,68,0.4633792042732239,"[361.9455261230469, 217.22357177734375, 387.6823425292969, 355.3125305175781]","{'orig_w': 640, 'orig_h': 640, 'zoom_box': (32, 64, 608, 640), 'inference_w': 576, 'inference_h': 576, 'scale': 1.1111111111111112, 'new_w': 640, 'new_h': 640, 'pad_w': 0, 'pad_h': 0}",/work/scripts/detection_pipeline/inference pipelines/dataprep/prepared_tooth_crops/4ef020aad4/train/cate4-00001_jpg.rf.4783271f6cc246259775e4cdd0d49930.jpg/yolo_028_class_23_score_0p463.jpg,"[361, 217, 388, 356]",27,139
yolo_two_stage,4ef020aad4,train,/work/data/classification_dataset/train/cate4-00001_jpg.rf.4783271f6cc246259775e4cdd0d49930.jpg,cate4-00001_jpg.rf.4783271f6cc246259775e4cdd0d49930.jpg,1,640,640,9,10,55,0.44878533482551575,"[309.6526184082031, 378.8628845214844, 327.7948913574219, 477.8583068847656]","{'orig_w': 640, 'orig_h': 640, 'zoom_box': (32, 64, 608, 640), 'inference_w': 576, 'inference_h': 576, 'scale': 1.1111111111111112, 'new_w': 640, 'new_h': 640, 'pad_w': 0, 'pad_h': 0}",/work/scripts/detection_pipeline/inference pipelines/dataprep/prepared_tooth_crops/4ef020aad4/train/cate4-00001_jpg.rf.4783271f6cc246259775e4cdd0d49930.jpg/yolo_029_class_10_score_0p449.jpg,"[309, 378, 328, 478]",19,100
yolo_two_stage,4ef020aad4,train,/work/data/classification_dataset/train/cate4-00001_jpg.rf.4783271f6cc246259775e4cdd0d49930.jpg,cate4-00001_jpg.rf.4783271f6cc246259775e4cdd0d49930.jpg,1,640,640,21,22,67,0.3926566541194916,"[258.48406982421875, 210.9872283935547, 286.92462158203125, 359.28326416015625]","{'orig_w': 640, 'orig_h': 640, 'zoom_box': (32, 64, 608, 640), 'inference_w': 576, 'inference_h': 576, 'scale': 1.1111111111111112, 'new_w': 640, 'new_h': 640, 'pad_w': 0, 'pad_h': 0}",/work/scripts/detection_pipeline/inference pipelines/dataprep/prepared_tooth_crops/4ef020aad4/train/cate4-00001_jpg.rf.4783271f6cc246259775e4cdd0d49930.jpg/yolo_030_class_22_score_0p393.jpg,"[258, 210, 287, 360]",29,150
yolo_two_stage,4ef020aad4,train,/work/data/classification_dataset/train/cate4-00001_jpg.rf.4783271f6cc246259775e4cdd0d49930.jpg,cate4-00001_jpg.rf.4783271f6cc246259775e4cdd0d49930.jpg,1,640,640,25,26,71,0.33355802297592163,"[325.4794616699219, 228.4307861328125, 351.2034606933594, 363.2474060058594]","{'orig_w': 640, 'orig_h': 640, 'zoom_box': (32, 64, 608, 640), 'inference_w': 576, 'inference_h': 576, 'scale': 1.1111111111111112, 'new_w': 640, 'new_h': 640, 'pad_w': 0, 'pad_h': 0}",/work/scripts/detection_pipeline/inference pipelines/dataprep/prepared_tooth_crops/4ef020aad4/train/cate4-00001_jpg.rf.4783271f6cc246259775e4cdd0d49930.jpg/yolo_031_class_26_score_0p334.jpg,"[325, 228, 352, 364]",27,136
yolo_two_stage,4ef020aad4,train,/work/data/classification_dataset/train/cate2-00008_jpg.rf.9332bedf08202a2e53fbd5ebe6d23692.jpg,cate2-00008_jpg.rf.9332bedf08202a2e53fbd5ebe6d23692.jpg,3,640,640,0,1,3M ESPE Implant,0.8414047956466675,"[122.3481674194336, 153.19174194335938, 154.71224975585938, 214.7881622314453]","{'orig_w': 640, 'orig_h': 640, 'zoom_box': (32, 64, 608, 640), 'inference_w': 576, 'inference_h': 576, 'scale': 1.1111111111111112, 'new_w': 640, 'new_h': 640, 'pad_w': 0, 'pad_h': 0}",/work/scripts/detection_pipeline/inference pipelines/dataprep/prepared_tooth_crops/4ef020aad4/train/cate2-00008_jpg.rf.9332bedf08202a2e53fbd5ebe6d23692.jpg/yolo_000_class_1_score_0p841.jpg,"[122, 153, 155, 215]",33,62
yolo_two_stage,4ef020aad4,train,/work/data/classification_dataset/train/cate2-00008_jpg.rf.9332bedf08202a2e53fbd5ebe6d23692.jpg,cate2-00008_jpg.rf.9332bedf08202a2e53fbd5ebe6d23692.jpg,3,640,640,31,32,77,0.7601861357688904,"[481.9158020019531, 313.58111572265625, 539.7174072265625, 400.0617980957031]","{'orig_w': 640, 'orig_h': 640, 'zoom_box': (32, 64, 608, 640), 'inference_w': 576, 'inference_h': 576, 'scale': 1.1111111111111112, 'new_w': 640, 'new_h': 640, 'pad_w': 0, 'pad_h': 0}",/work/scripts/detection_pipeline/inference pipelines/dataprep/prepared_tooth_crops/4ef020aad4/train/cate2-00008_jpg.rf.9332bedf08202a2e53fbd5ebe6d23692.jpg/yolo_001_class_32_score_0p760.jpg,"[481, 313, 540, 401]",59,88
yolo_two_stage,4ef020aad4,train,/work/data/classification_dataset/train/cate2-00008_jpg.rf.9332bedf08202a2e53fbd5ebe6d23692.jpg,cate2-00008_jpg.rf.9332bedf08202a2e53fbd5ebe6d23692.jpg,3,640,640,15,16,61,0.7398799061775208,"[174.82354736328125, 195.5623779296875, 213.84341430664062, 323.9119567871094]","{'orig_w': 640, 'orig_h': 640, 'zoom_box': (32, 64, 608, 640), 'inference_w': 576, 'inference_h': 576, 'scale': 1.1111111111111112, 'new_w': 640, 'new_h': 640, 'pad_w': 0, 'pad_h': 0}",/work/scripts/detection_pipeline/inference pipelines/dataprep/prepared_tooth_crops/4ef020aad4/train/cate2-00008_jpg.rf.9332bedf08202a2e53fbd5ebe6d23692.jpg/yolo_002_class_16_score_0p740.jpg,"[174, 195, 214, 324]",40,129
yolo_two_stage,4ef020aad4,train,/work/data/classification_dataset/train/cate2-00008_jpg.rf.9332bedf08202a2e53fbd5ebe6d23692.jpg,cate2-00008_jpg.rf.9332bedf08202a2e53fbd5ebe6d23692.jpg,3,640,640,18,19,64,0.7085325121879578,"[98.61132049560547, 329.2422180175781, 158.06448364257812, 418.3689270019531]","{'orig_w': 640, 'orig_h': 640, 'zoom_box': (32, 64, 608, 640), 'inference_w': 576, 'inference_h': 576, 'scale': 1.1111111111111112, 'new_w': 640, 'new_h': 640, 'pad_w': 0, 'pad_h': 0}",/work/scripts/detection_pipeline/inference pipelines/dataprep/prepared_tooth_crops/4ef020aad4/train/cate2-00008_jpg.rf.9332bedf08202a2e53fbd5ebe6d23692.jpg/yolo_003_class_19_score_0p709.jpg,"[98, 329, 159, 419]",61,90
yolo_two_stage,4ef020aad4,train,/work/data/classification_dataset/train/cate2-00008_jpg.rf.9332bedf08202a2e53fbd5ebe6d23692.jpg,cate2-00008_jpg.rf.9332bedf08202a2e53fbd5ebe6d23692.jpg,3,640,640,1,2,47,0.6943091750144958,"[440.5805358886719, 316.4619140625, 498.1385192871094, 447.1784362792969]","{'orig_w': 640, 'orig_h': 640, 'zoom_box': (32, 64, 608, 640), 'inference_w': 576, 'inference_h': 576, 'scale': 1.1111111111111112, 'new_w': 640, 'new_h': 640, 'pad_w': 0, 'pad_h': 0}",/work/scripts/detection_pipeline/inference pipelines/dataprep/prepared_tooth_crops/4ef020aad4/train/cate2-00008_jpg.rf.9332bedf08202a2e53fbd5ebe6d23692.jpg/yolo_004_class_2_score_0p694.jpg,"[440, 316, 499, 448]",59,132
yolo_two_stage,4ef020aad4,train,/work/data/classification_dataset/train/cate2-00008_jpg.rf.9332bedf08202a2e53fbd5ebe6d23692.jpg,cate2-00008_jpg.rf.9332bedf08202a2e53fbd5ebe6d23692.jpg,3,640,640,3,4,49,0.6841191053390503,"[140.83578491210938, 177.07809448242188, 178.41082763671875, 308.25445556640625]","{'orig_w': 640, 'orig_h': 640, 'zoom_box': (32, 64, 608, 640), 'inference_w': 576, 'inference_h': 576, 'scale': 1.1111111111111112, 'new_w': 640, 'new_h': 640, 'pad_w': 0, 'pad_h': 0}",/work/scripts/detection_pipeline/inference pipelines/dataprep/prepared_tooth_crops/4ef020aad4/train/cate2-00008_jpg.rf.9332bedf08202a2e53fbd5ebe6d23692.jpg/yolo_005_class_4_score_0p684.jpg,"[140, 177, 179, 309]",39,132
yolo_two_stage,4ef020aad4,train,/work/data/classification_dataset/train/cate2-00008_jpg.rf.9332bedf08202a2e53fbd5ebe6d23692.jpg,cate2-00008_jpg.rf.9332bedf08202a2e53fbd5ebe6d23692.jpg,3,640,640,17,18,63,0.6776429414749146,"[141.29653930664062, 331.15411376953125, 196.41650390625, 461.1916809082031]","{'orig_w': 640, 'orig_h': 640, 'zoom_box': (32, 64, 608, 640), 'inference_w': 576, 'inference_h': 576, 'scale': 1.1111111111111112, 'new_w': 640, 'new_h': 640, 'pad_w': 0, 'pad_h': 0}",/work/scripts/detection_pipeline/inference pipelines/dataprep/prepared_tooth_crops/4ef020aad4/train/cate2-00008_jpg.rf.9332bedf08202a2e53fbd5ebe6d23692.jpg/yolo_006_class_18_score_0p678.jpg,"[141, 331, 197, 462]",56,131
yolo_two_stage,4ef020aad4,train,/work/data/classification_dataset/train/cate2-00008_jpg.rf.9332bedf08202a2e53fbd5ebe6d23692.jpg,cate2-00008_jpg.rf.9332bedf08202a2e53fbd5ebe6d23692.jpg,3,640,640,2,3,48,0.6606355309486389,"[400.96136474609375, 331.7679138183594, 462.14984130859375, 465.9945373535156]","{'orig_w': 640, 'orig_h': 640, 'zoom_box': (32, 64, 608, 640), 'inference_w': 576, 'inference_h': 576, 'scale': 1.1111111111111112, 'new_w': 640, 'new_h': 640, 'pad_w': 0, 'pad_h': 0}",/work/scripts/detection_pipeline/inference pipelines/dataprep/prepared_tooth_crops/4ef020aad4/train/cate2-00008_jpg.rf.9332bedf08202a2e53fbd5ebe6d23692.jpg/yolo_007_class_3_score_0p661.jpg,"[400, 331, 463, 466]",63,135
yolo_two_stage,4ef020aad4,train,/work/data/classification_dataset/train/cate2-00008_jpg.rf.9332bedf08202a2e53fbd5ebe6d23692.jpg,cate2-00008_jpg.rf.9332bedf08202a2e53fbd5ebe6d23692.jpg,3,640,640,22,23,68,0.6533074378967285,"[356.09124755859375, 175.97882080078125, 382.8056640625, 338.7084045410156]","{'orig_w': 640, 'orig_h': 640, 'zoom_box': (32, 64, 608, 640), 'inference_w': 576, 'inference_h': 576, 'scale': 1.1111111111111112, 'new_w': 640, 'new_h': 640, 'pad_w': 0, 'pad_h': 0}",/work/scripts/detection_pipeline/inference pipelines/dataprep/prepared_tooth_crops/4ef020aad4/train/cate2-00008_jpg.rf.9332bedf08202a2e53fbd5ebe6d23692.jpg/yolo_008_class_23_score_0p653.jpg,"[356, 175, 383, 339]",27,164
yolo_two_stage,4ef020aad4,train,/work/data/classification_dataset/train/cate2-00008_jpg.rf.9332bedf08202a2e53fbd5ebe6d23692.jpg,cate2-00008_jpg.rf.9332bedf08202a2e53fbd5ebe6d23692.jpg,3,640,640,16,17,62,0.6491222977638245,"[174.1571807861328, 339.35137939453125, 238.40603637695312, 473.41131591796875]","{'orig_w': 640, 'orig_h': 640, 'zoom_box': (32, 64, 608, 640), 'inference_w': 576, 'inference_h': 576, 'scale': 1.1111111111111112, 'new_w': 640, 'new_h': 640, 'pad_w': 0, 'pad_h': 0}",/work/scripts/detection_pipeline/inference pipelines/dataprep/prepared_tooth_crops/4ef020aad4/train/cate2-00008_jpg.rf.9332bedf08202a2e53fbd5ebe6d23692.jpg/yolo_009_class_17_score_0p649.jpg,"[174, 339, 239, 474]",65,135
yolo_two_stage,4ef020aad4,train,/work/data/classification_dataset/train/cate2-00008_jpg.rf.9332bedf08202a2e53fbd5ebe6d23692.jpg,cate2-00008_jpg.rf.9332bedf08202a2e53fbd5ebe6d23692.jpg,3,640,640,11,12,57,0.6456674933433533,"[335.883056640625, 202.13681030273438, 359.95361328125, 337.68743896484375]","{'orig_w': 640, 'orig_h': 640, 'zoom_box': (32, 64, 608, 640), 'inference_w': 576, 'inference_h': 576, 'scale': 1.1111111111111112, 'new_w': 640, 'new_h': 640, 'pad_w': 0, 'pad_h': 0}",/work/scripts/detection_pipeline/inference pipelines/dataprep/prepared_tooth_crops/4ef020aad4/train/cate2-00008_jpg.rf.9332bedf08202a2e53fbd5ebe6d23692.jpg/yolo_010_class_12_score_0p646.jpg,"[335, 202, 360, 338]",25,136
yolo_two_stage,4ef020aad4,train,/work/data/classification_dataset/train/cate2-00008_jpg.rf.9332bedf08202a2e53fbd5ebe6d23692.jpg,cate2-00008_jpg.rf.9332bedf08202a2e53fbd5ebe6d23692.jpg,3,640,640,30,31,76,0.5956305265426636,"[485.4732360839844, 150.56390380859375, 515.69384765625, 224.0222930908203]","{'orig_w': 640, 'orig_h': 640, 'zoom_box': (32, 64, 608, 640), 'inference_w': 576, 'inference_h': 576, 'scale': 1.1111111111111112, 'new_w': 640, 'new_h': 640, 'pad_w': 0, 'pad_h': 0}",/work/scripts/detection_pipeline/inference pipelines/dataprep/prepared_tooth_crops/4ef020aad4/train/cate2-00008_jpg.rf.9332bedf08202a2e53fbd5ebe6d23692.jpg/yolo_011_class_31_score_0p596.jpg,"[485, 150, 516, 225]",31,75
yolo_two_stage,4ef020aad4,train,/work/data/classification_dataset/train/cate2-00008_jpg.rf.9332bedf08202a2e53fbd5ebe6d23692.jpg,cate2-00008_jpg.rf.9332bedf08202a2e53fbd5ebe6d23692.jpg,3,640,640,29,30,75,0.5940709114074707,"[458.5649108886719, 170.2969970703125, 496.2585144042969, 296.236328125]","{'orig_w': 640, 'orig_h': 640, 'zoom_box': (32, 64, 608, 640), 'inference_w': 576, 'inference_h': 576, 'scale': 1.1111111111111112, 'new_w': 640, 'new_h': 640, 'pad_w': 0, 'pad_h': 0}",/work/scripts/detection_pipeline/inference pipelines/dataprep/prepared_tooth_crops/4ef020aad4/train/cate2-00008_jpg.rf.9332bedf08202a2e53fbd5ebe6d23692.jpg/yolo_012_class_30_score_0p594.jpg,"[458, 170, 497, 297]",39,127
yolo_two_stage,4ef020aad4,train,/work/data/classification_dataset/train/cate2-00008_jpg.rf.9332bedf08202a2e53fbd5ebe6d23692.jpg,cate2-00008_jpg.rf.9332bedf08202a2e53fbd5ebe6d23692.jpg,3,640,640,14,15,60,0.5920928120613098,"[219.78433227539062, 349.4690246582031, 258.318359375, 494.1949157714844]","{'orig_w': 640, 'orig_h': 640, 'zoom_box': (32, 64, 608, 640), 'inference_w': 576, 'inference_h': 576, 'scale': 1.1111111111111112, 'new_w': 640, 'new_h': 640, 'pad_w': 0, 'pad_h': 0}",/work/scripts/detection_pipeline/inference pipelines/dataprep/prepared_tooth_crops/4ef020aad4/train/cate2-00008_jpg.rf.9332bedf08202a2e53fbd5ebe6d23692.jpg/yolo_013_class_15_score_0p592.jpg,"[219, 349, 259, 495]",40,146
yolo_two_stage,4ef020aad4,train,/work/data/classification_dataset/train/cate2-00008_jpg.rf.9332bedf08202a2e53fbd5ebe6d23692.jpg,cate2-00008_jpg.rf.9332bedf08202a2e53fbd5ebe6d23692.jpg,3,640,640,12,13,58,0.5868819952011108,"[264.79681396484375, 350.20758056640625, 295.98516845703125, 500.6863098144531]","{'orig_w': 640, 'orig_h': 640, 'zoom_box': (32, 64, 608, 640), 'inference_w': 576, 'inference_h': 576, 'scale': 1.1111111111111112, 'new_w': 640, 'new_h': 640, 'pad_w': 0, 'pad_h': 0}",/work/scripts/detection_pipeline/inference pipelines/dataprep/prepared_tooth_crops/4ef020aad4/train/cate2-00008_jpg.rf.9332bedf08202a2e53fbd5ebe6d23692.jpg/yolo_014_class_13_score_0p587.jpg,"[264, 350, 296, 501]",32,151
yolo_two_stage,4ef020aad4,train,/work/data/classification_dataset/train/cate2-00008_jpg.rf.9332bedf08202a2e53fbd5ebe6d23692.jpg,cate2-00008_jpg.rf.9332bedf08202a2e53fbd5ebe6d23692.jpg,3,640,640,25,26,71,0.5643225312232971,"[312.7689208984375, 189.82763671875, 339.91607666015625, 350.0643615722656]","{'orig_w': 640, 'orig_h': 640, 'zoom_box': (32, 64, 608, 640), 'inference_w': 576, 'inference_h': 576, 'scale': 1.1111111111111112, 'new_w': 640, 'new_h': 640, 'pad_w': 0, 'pad_h': 0}",/work/scripts/detection_pipeline/inference pipelines/dataprep/prepared_tooth_crops/4ef020aad4/train/cate2-00008_jpg.rf.9332bedf08202a2e53fbd5ebe6d23692.jpg/yolo_015_class_26_score_0p564.jpg,"[312, 189, 340, 351]",28,162
yolo_two_stage,4ef020aad4,train,/work/data/classification_dataset/train/cate2-00008_jpg.rf.9332bedf08202a2e53fbd5ebe6d23692.jpg,cate2-00008_jpg.rf.9332bedf08202a2e53fbd5ebe6d23692.jpg,3,640,640,23,24,69,0.5227698087692261,"[267.77520751953125, 191.20718383789062, 293.44549560546875, 336.6578063964844]","{'orig_w': 640, 'orig_h': 640, 'zoom_box': (32, 64, 608, 640), 'inference_w': 576, 'inference_h': 576, 'scale': 1.1111111111111112, 'new_w': 640, 'new_h': 640, 'pad_w': 0, 'pad_h': 0}",/work/scripts/detection_pipeline/inference pipelines/dataprep/prepared_tooth_crops/4ef020aad4/train/cate2-00008_jpg.rf.9332bedf08202a2e53fbd5ebe6d23692.jpg/yolo_016_class_24_score_0p523.jpg,"[267, 191, 294, 337]",27,146
yolo_two_stage,4ef020aad4,train,/work/data/classification_dataset/train/cate2-00008_jpg.rf.9332bedf08202a2e53fbd5ebe6d23692.jpg,cate2-00008_jpg.rf.9332bedf08202a2e53fbd5ebe6d23692.jpg,3,640,640,19,20,65,0.49453607201576233,"[205.87538146972656, 199.04330444335938, 236.14773559570312, 319.248779296875]","{'orig_w': 640, 'orig_h': 640, 'zoom_box': (32, 64, 608, 640), 'inference_w': 576, 'inference_h': 576, 'scale': 1.1111111111111112, 'new_w': 640, 'new_h': 640, 'pad_w': 0, 'pad_h': 0}",/work/scripts/detection_pipeline/inference pipelines/dataprep/prepared_tooth_crops/4ef020aad4/train/cate2-00008_jpg.rf.9332bedf08202a2e53fbd5ebe6d23692.jpg/yolo_017_class_20_score_0p495.jpg,"[205, 199, 237, 320]",32,121
yolo_two_stage,4ef020aad4,train,/work/data/classification_dataset/train/cate2-00008_jpg.rf.9332bedf08202a2e53fbd5ebe6d23692.jpg,cate2-00008_jpg.rf.9332bedf08202a2e53fbd5ebe6d23692.jpg,3,640,640,28,29,74,0.48422473669052124,"[426.2483215332031, 182.44827270507812, 462.2154235839844, 315.12408447265625]","{'orig_w': 640, 'orig_h': 640, 'zoom_box': (32, 64, 608, 640), 'inference_w': 576, 'inference_h': 576, 'scale': 1.1111111111111112, 'new_w': 640, 'new_h': 640, 'pad_w': 0, 'pad_h': 0}",/work/scripts/detection_pipeline/inference pipelines/dataprep/prepared_tooth_crops/4ef020aad4/train/cate2-00008_jpg.rf.9332bedf08202a2e53fbd5ebe6d23692.jpg/yolo_018_class_29_score_0p484.jpg,"[426, 182, 463, 316]",37,134
yolo_two_stage,4ef020aad4,train,/work/data/classification_dataset/train/cate2-00008_jpg.rf.9332bedf08202a2e53fbd5ebe6d23692.jpg,cate2-00008_jpg.rf.9332bedf08202a2e53fbd5ebe6d23692.jpg,3,640,640,10,11,56,0.461824893951416,"[288.6015319824219, 363.8081359863281, 313.0571594238281, 480.83251953125]","{'orig_w': 640, 'orig_h': 640, 'zoom_box': (32, 64, 608, 640), 'inference_w': 576, 'inference_h': 576, 'scale': 1.1111111111111112, 'new_w': 640, 'new_h': 640, 'pad_w': 0, 'pad_h': 0}",/work/scripts/detection_pipeline/inference pipelines/dataprep/prepared_tooth_crops/4ef020aad4/train/cate2-00008_jpg.rf.9332bedf08202a2e53fbd5ebe6d23692.jpg/yolo_019_class_11_score_0p462.jpg,"[288, 363, 314, 481]",26,118
yolo_two_stage,4ef020aad4,train,/work/data/classification_dataset/train/cate2-00008_jpg.rf.9332bedf08202a2e53fbd5ebe6d23692.jpg,cate2-00008_jpg.rf.9332bedf08202a2e53fbd5ebe6d23692.jpg,3,640,640,21,22,67,0.4606715738773346,"[243.67742919921875, 168.87820434570312, 274.2061767578125, 330.8743896484375]","{'orig_w': 640, 'orig_h': 640, 'zoom_box': (32, 64, 608, 640), 'inference_w': 576, 'inference_h': 576, 'scale': 1.1111111111111112, 'new_w': 640, 'new_h': 640, 'pad_w': 0, 'pad_h': 0}",/work/scripts/detection_pipeline/inference pipelines/dataprep/prepared_tooth_crops/4ef020aad4/train/cate2-00008_jpg.rf.9332bedf08202a2e53fbd5ebe6d23692.jpg/yolo_020_class_22_score_0p461.jpg,"[243, 168, 275, 331]",32,163
yolo_two_stage,4ef020aad4,train,/work/data/classification_dataset/train/cate2-00008_jpg.rf.9332bedf08202a2e53fbd5ebe6d23692.jpg,cate2-00008_jpg.rf.9332bedf08202a2e53fbd5ebe6d23692.jpg,3,640,640,26,27,72,0.4499276280403137,"[375.75006103515625, 185.67703247070312, 408.4947509765625, 326.6182861328125]","{'orig_w': 640, 'orig_h': 640, 'zoom_box': (32, 64, 608, 640), 'inference_w': 576, 'inference_h': 576, 'scale': 1.1111111111111112, 'new_w': 640, 'new_h': 640, 'pad_w': 0, 'pad_h': 0}",/work/scripts/detection_pipeline/inference pipelines/dataprep/prepared_tooth_crops/4ef020aad4/train/cate2-00008_jpg.rf.9332bedf08202a2e53fbd5ebe6d23692.jpg/yolo_021_class_27_score_0p450.jpg,"[375, 185, 409, 327]",34,142
yolo_two_stage,4ef020aad4,train,/work/data/classification_dataset/train/cate2-00008_jpg.rf.9332bedf08202a2e53fbd5ebe6d23692.jpg,cate2-00008_jpg.rf.9332bedf08202a2e53fbd5ebe6d23692.jpg,3,640,640,13,14,59,0.44986075162887573,"[244.0660858154297, 354.0658264160156, 275.77972412109375, 498.7629699707031]","{'orig_w': 640, 'orig_h': 640, 'zoom_box': (32, 64, 608, 640), 'inference_w': 576, 'inference_h': 576, 'scale': 1.1111111111111112, 'new_w': 640, 'new_h': 640, 'pad_w': 0, 'pad_h': 0}",/work/scripts/detection_pipeline/inference pipelines/dataprep/prepared_tooth_crops/4ef020aad4/train/cate2-00008_jpg.rf.9332bedf08202a2e53fbd5ebe6d23692.jpg/yolo_022_class_14_score_0p450.jpg,"[244, 354, 276, 499]",32,145
yolo_two_stage,4ef020aad4,train,/work/data/classification_dataset/train/cate2-00008_jpg.rf.9332bedf08202a2e53fbd5ebe6d23692.jpg,cate2-00008_jpg.rf.9332bedf08202a2e53fbd5ebe6d23692.jpg,3,640,640,27,28,73,0.443112313747406,"[402.4303894042969, 188.44464111328125, 432.63433837890625, 323.49468994140625]","{'orig_w': 640, 'orig_h': 640, 'zoom_box': (32, 64, 608, 640), 'inference_w': 576, 'inference_h': 576, 'scale': 1.1111111111111112, 'new_w': 640, 'new_h': 640, 'pad_w': 0, 'pad_h': 0}",/work/scripts/detection_pipeline/inference pipelines/dataprep/prepared_tooth_crops/4ef020aad4/train/cate2-00008_jpg.rf.9332bedf08202a2e53fbd5ebe6d23692.jpg/yolo_023_class_28_score_0p443.jpg,"[402, 188, 433, 324]",31,136
yolo_two_stage,4ef020aad4,train,/work/data/classification_dataset/train/cate2-00008_jpg.rf.9332bedf08202a2e53fbd5ebe6d23692.jpg,cate2-00008_jpg.rf.9332bedf08202a2e53fbd5ebe6d23692.jpg,3,640,640,24,25,70,0.4269534647464752,"[287.19512939453125, 190.00094604492188, 317.88427734375, 342.8741760253906]","{'orig_w': 640, 'orig_h': 640, 'zoom_box': (32, 64, 608, 640), 'inference_w': 576, 'inference_h': 576, 'scale': 1.1111111111111112, 'new_w': 640, 'new_h': 640, 'pad_w': 0, 'pad_h': 0}",/work/scripts/detection_pipeline/inference pipelines/dataprep/prepared_tooth_crops/4ef020aad4/train/cate2-00008_jpg.rf.9332bedf08202a2e53fbd5ebe6d23692.jpg/yolo_024_class_25_score_0p427.jpg,"[287, 190, 318, 343]",31,153
yolo_two_stage,4ef020aad4,train,/work/data/classification_dataset/train/cate2-00008_jpg.rf.9332bedf08202a2e53fbd5ebe6d23692.jpg,cate2-00008_jpg.rf.9332bedf08202a2e53fbd5ebe6d23692.jpg,3,640,640,4,5,50,0.4001849889755249,"[381.5136413574219, 355.11907958984375, 413.32977294921875, 504.0516662597656]","{'orig_w': 640, 'orig_h': 640, 'zoom_box': (32, 64, 608, 640), 'inference_w': 576, 'inference_h': 576, 'scale': 1.1111111111111112, 'new_w': 640, 'new_h': 640, 'pad_w': 0, 'pad_h': 0}",/work/scripts/detection_pipeline/inference pipelines/dataprep/prepared_tooth_crops/4ef020aad4/train/cate2-00008_jpg.rf.9332bedf08202a2e53fbd5ebe6d23692.jpg/yolo_025_class_5_score_0p400.jpg,"[381, 355, 414, 505]",33,150
yolo_two_stage,4ef020aad4,train,/work/data/classification_dataset/train/cate2-00008_jpg.rf.9332bedf08202a2e53fbd5ebe6d23692.jpg,cate2-00008_jpg.rf.9332bedf08202a2e53fbd5ebe6d23692.jpg,3,640,640,20,21,66,0.39661431312561035,"[223.19931030273438, 183.11976623535156, 253.04371643066406, 331.0263671875]","{'orig_w': 640, 'orig_h': 640, 'zoom_box': (32, 64, 608, 640), 'inference_w': 576, 'inference_h': 576, 'scale': 1.1111111111111112, 'new_w': 640, 'new_h': 640, 'pad_w': 0, 'pad_h': 0}",/work/scripts/detection_pipeline/inference pipelines/dataprep/prepared_tooth_crops/4ef020aad4/train/cate2-00008_jpg.rf.9332bedf08202a2e53fbd5ebe6d23692.jpg/yolo_026_class_21_score_0p397.jpg,"[223, 183, 254, 332]",31,149
yolo_two_stage,4ef020aad4,train,/work/data/classification_dataset/train/cate2-00008_jpg.rf.9332bedf08202a2e53fbd5ebe6d23692.jpg,cate2-00008_jpg.rf.9332bedf08202a2e53fbd5ebe6d23692.jpg,3,640,640,9,10,55,0.3601974844932556,"[304.28399658203125, 363.1931457519531, 327.9522705078125, 480.6054382324219]","{'orig_w': 640, 'orig_h': 640, 'zoom_box': (32, 64, 608, 640), 'inference_w': 576, 'inference_h': 576, 'scale': 1.1111111111111112, 'new_w': 640, 'new_h': 640, 'pad_w': 0, 'pad_h': 0}",/work/scripts/detection_pipeline/inference pipelines/dataprep/prepared_tooth_crops/4ef020aad4/train/cate2-00008_jpg.rf.9332bedf08202a2e53fbd5ebe6d23692.jpg/yolo_027_class_10_score_0p360.jpg,"[304, 363, 328, 481]",24,118
yolo_two_stage,4ef020aad4,train,/work/data/classification_dataset/train/cate2-00008_jpg.rf.9332bedf08202a2e53fbd5ebe6d23692.jpg,cate2-00008_jpg.rf.9332bedf08202a2e53fbd5ebe6d23692.jpg,3,640,640,6,7,52,0.3539658784866333,"[354.4005432128906, 343.4930419921875, 379.1296081542969, 506.9886779785156]","{'orig_w': 640, 'orig_h': 640, 'zoom_box': (32, 64, 608, 640), 'inference_w': 576, 'inference_h': 576, 'scale': 1.1111111111111112, 'new_w': 640, 'new_h': 640, 'pad_w': 0, 'pad_h': 0}",/work/scripts/detection_pipeline/inference pipelines/dataprep/prepared_tooth_crops/4ef020aad4/train/cate2-00008_jpg.rf.9332bedf08202a2e53fbd5ebe6d23692.jpg/yolo_028_class_7_score_0p354.jpg,"[354, 343, 380, 507]",26,164
yolo_two_stage,4ef020aad4,train,/work/data/classification_dataset/train/cate2-00008_jpg.rf.9332bedf08202a2e53fbd5ebe6d23692.jpg,cate2-00008_jpg.rf.9332bedf08202a2e53fbd5ebe6d23692.jpg,3,640,640,8,9,54,0.3335426449775696,"[315.3597717285156, 360.1016845703125, 342.12042236328125, 481.3743896484375]","{'orig_w': 640, 'orig_h': 640, 'zoom_box': (32, 64, 608, 640), 'inference_w': 576, 'inference_h': 576, 'scale': 1.1111111111111112, 'new_w': 640, 'new_h': 640, 'pad_w': 0, 'pad_h': 0}",/work/scripts/detection_pipeline/inference pipelines/dataprep/prepared_tooth_crops/4ef020aad4/train/cate2-00008_jpg.rf.9332bedf08202a2e53fbd5ebe6d23692.jpg/yolo_029_class_9_score_0p334.jpg,"[315, 360, 343, 482]",28,122
yolo_two_stage,4ef020aad4,train,/work/data/classification_dataset/train/cate2-00008_jpg.rf.9332bedf08202a2e53fbd5ebe6d23692.jpg,cate2-00008_jpg.rf.9332bedf08202a2e53fbd5ebe6d23692.jpg,3,640,640,7,8,53,0.3297424912452698,"[332.17718505859375, 357.595703125, 357.1641540527344, 487.0801696777344]","{'orig_w': 640, 'orig_h': 640, 'zoom_box': (32, 64, 608, 640), 'inference_w': 576, 'inference_h': 576, 'scale': 1.1111111111111112, 'new_w': 640, 'new_h': 640, 'pad_w': 0, 'pad_h': 0}",/work/scripts/detection_pipeline/inference pipelines/dataprep/prepared_tooth_crops/4ef020aad4/train/cate2-00008_jpg.rf.9332bedf08202a2e53fbd5ebe6d23692.jpg/yolo_030_class_8_score_0p330.jpg,"[332, 357, 358, 488]",26,131
yolo_two_stage,4ef020aad4,train,/work/data/classification_dataset/train/cate8-00116_jpg.rf.65d6558c57178b29ed82f219a238341b.jpg,cate8-00116_jpg.rf.65d6558c57178b29ed82f219a238341b.jpg,9,640,640,10,11,56,0.4345510005950928,"[280.0084228515625, 333.5344543457031, 311.09912109375, 455.6731262207031]","{'orig_w': 640, 'orig_h': 640, 'zoom_box': (32, 64, 608, 640), 'inference_w': 576, 'inference_h': 576, 'scale': 1.1111111111111112, 'new_w': 640, 'new_h': 640, 'pad_w': 0, 'pad_h': 0}",/work/scripts/detection_pipeline/inference pipelines/dataprep/prepared_tooth_crops/4ef020aad4/train/cate8-00116_jpg.rf.65d6558c57178b29ed82f219a238341b.jpg/yolo_000_class_11_score_0p435.jpg,"[280, 333, 312, 456]",32,123
yolo_two_stage,4ef020aad4,train,/work/data/classification_dataset/train/cate8-00116_jpg.rf.65d6558c57178b29ed82f219a238341b.jpg,cate8-00116_jpg.rf.65d6558c57178b29ed82f219a238341b.jpg,9,640,640,6,7,52,0.3950425386428833,"[356.7880554199219, 332.7789001464844, 393.8577575683594, 461.47955322265625]","{'orig_w': 640, 'orig_h': 640, 'zoom_box': (32, 64, 608, 640), 'inference_w': 576, 'inference_h': 576, 'scale': 1.1111111111111112, 'new_w': 640, 'new_h': 640, 'pad_w': 0, 'pad_h': 0}",/work/scripts/detection_pipeline/inference pipelines/dataprep/prepared_tooth_crops/4ef020aad4/train/cate8-00116_jpg.rf.65d6558c57178b29ed82f219a238341b.jpg/yolo_001_class_7_score_0p395.jpg,"[356, 332, 394, 462]",38,130
yolo_two_stage,4ef020aad4,train,/work/data/classification_dataset/train/cate8-00116_jpg.rf.65d6558c57178b29ed82f219a238341b.jpg,cate8-00116_jpg.rf.65d6558c57178b29ed82f219a238341b.jpg,9,640,640,14,15,60,0.3855307400226593,"[212.93711853027344, 337.6998596191406, 252.6610107421875, 475.93994140625]","{'orig_w': 640, 'orig_h': 640, 'zoom_box': (32, 64, 608, 640), 'inference_w': 576, 'inference_h': 576, 'scale': 1.1111111111111112, 'new_w': 640, 'new_h': 640, 'pad_w': 0, 'pad_h': 0}",/work/scripts/detection_pipeline/inference pipelines/dataprep/prepared_tooth_crops/4ef020aad4/train/cate8-00116_jpg.rf.65d6558c57178b29ed82f219a238341b.jpg/yolo_002_class_15_score_0p386.jpg,"[212, 337, 253, 476]",41,139
yolo_two_stage,4ef020aad4,train,/work/data/classification_dataset/train/cate8-00116_jpg.rf.65d6558c57178b29ed82f219a238341b.jpg,cate8-00116_jpg.rf.65d6558c57178b29ed82f219a238341b.jpg,9,640,640,17,18,63,0.36763691902160645,"[146.81683349609375, 339.373779296875, 196.20704650878906, 458.3866882324219]","{'orig_w': 640, 'orig_h': 640, 'zoom_box': (32, 64, 608, 640), 'inference_w': 576, 'inference_h': 576, 'scale': 1.1111111111111112, 'new_w': 640, 'new_h': 640, 'pad_w': 0, 'pad_h': 0}",/work/scripts/detection_pipeline/inference pipelines/dataprep/prepared_tooth_crops/4ef020aad4/train/cate8-00116_jpg.rf.65d6558c57178b29ed82f219a238341b.jpg/yolo_003_class_18_score_0p368.jpg,"[146, 339, 197, 459]",51,120
yolo_two_stage,4ef020aad4,train,/work/data/classification_dataset/train/cate8-00116_jpg.rf.65d6558c57178b29ed82f219a238341b.jpg,cate8-00116_jpg.rf.65d6558c57178b29ed82f219a238341b.jpg,9,640,640,31,32,77,0.35709041357040405,"[455.065673828125, 338.03759765625, 515.3133544921875, 425.92498779296875]","{'orig_w': 640, 'orig_h': 640, 'zoom_box': (32, 64, 608, 640), 'inference_w': 576, 'inference_h': 576, 'scale': 1.1111111111111112, 'new_w': 640, 'new_h': 640, 'pad_w': 0, 'pad_h': 0}",/work/scripts/detection_pipeline/inference pipelines/dataprep/prepared_tooth_crops/4ef020aad4/train/cate8-00116_jpg.rf.65d6558c57178b29ed82f219a238341b.jpg/yolo_004_class_32_score_0p357.jpg,"[455, 338, 516, 426]",61,88
yolo_two_stage,4ef020aad4,train,/work/data/classification_dataset/train/cate8-00116_jpg.rf.65d6558c57178b29ed82f219a238341b.jpg,cate8-00116_jpg.rf.65d6558c57178b29ed82f219a238341b.jpg,9,640,640,12,13,58,0.352580189704895,"[259.2362365722656, 324.9906005859375, 295.5253601074219, 475.0814514160156]","{'orig_w': 640, 'orig_h': 640, 'zoom_box': (32, 64, 608, 640), 'inference_w': 576, 'inference_h': 576, 'scale': 1.1111111111111112, 'new_w': 640, 'new_h': 640, 'pad_w': 0, 'pad_h': 0}",/work/scripts/detection_pipeline/inference pipelines/dataprep/prepared_tooth_crops/4ef020aad4/train/cate8-00116_jpg.rf.65d6558c57178b29ed82f219a238341b.jpg/yolo_005_class_13_score_0p353.jpg,"[259, 324, 296, 476]",37,152
yolo_two_stage,4ef020aad4,train,/work/data/classification_dataset/train/cate4-00106_jpg.rf.0b0e2b3d9605d72a3dff19bd1598180e.jpg,cate4-00106_jpg.rf.0b0e2b3d9605d72a3dff19bd1598180e.jpg,10,640,640,0,1,3M ESPE Implant,0.8797213435173035,"[88.78785705566406, 135.54481506347656, 130.15863037109375, 235.08189392089844]","{'orig_w': 640, 'orig_h': 640, 'zoom_box': (32, 64, 608, 640), 'inference_w': 576, 'inference_h': 576, 'scale': 1.1111111111111112, 'new_w': 640, 'new_h': 640, 'pad_w': 0, 'pad_h': 0}",/work/scripts/detection_pipeline/inference pipelines/dataprep/prepared_tooth_crops/4ef020aad4/train/cate4-00106_jpg.rf.0b0e2b3d9605d72a3dff19bd1598180e.jpg/yolo_000_class_1_score_0p880.jpg,"[88, 135, 131, 236]",43,101
yolo_two_stage,4ef020aad4,train,/work/data/classification_dataset/train/cate4-00106_jpg.rf.0b0e2b3d9605d72a3dff19bd1598180e.jpg,cate4-00106_jpg.rf.0b0e2b3d9605d72a3dff19bd1598180e.jpg,10,640,640,17,18,63,0.6946789026260376,"[106.58150482177734, 302.393798828125, 166.9014434814453, 437.9982604980469]","{'orig_w': 640, 'orig_h': 640, 'zoom_box': (32, 64, 608, 640), 'inference_w': 576, 'inference_h': 576, 'scale': 1.1111111111111112, 'new_w': 640, 'new_h': 640, 'pad_w': 0, 'pad_h': 0}",/work/scripts/detection_pipeline/inference pipelines/dataprep/prepared_tooth_crops/4ef020aad4/train/cate4-00106_jpg.rf.0b0e2b3d9605d72a3dff19bd1598180e.jpg/yolo_001_class_18_score_0p695.jpg,"[106, 302, 167, 438]",61,136
yolo_two_stage,4ef020aad4,train,/work/data/classification_dataset/train/cate4-00106_jpg.rf.0b0e2b3d9605d72a3dff19bd1598180e.jpg,cate4-00106_jpg.rf.0b0e2b3d9605d72a3dff19bd1598180e.jpg,10,640,640,15,16,61,0.6729658842086792,"[149.00924682617188, 162.65252685546875, 192.3054656982422, 294.22100830078125]","{'orig_w': 640, 'orig_h': 640, 'zoom_box': (32, 64, 608, 640), 'inference_w': 576, 'inference_h': 576, 'scale': 1.1111111111111112, 'new_w': 640, 'new_h': 640, 'pad_w': 0, 'pad_h': 0}",/work/scripts/detection_pipeline/inference pipelines/dataprep/prepared_tooth_crops/4ef020aad4/train/cate4-00106_jpg.rf.0b0e2b3d9605d72a3dff19bd1598180e.jpg/yolo_002_class_16_score_0p673.jpg,"[149, 162, 193, 295]",44,133
yolo_two_stage,4ef020aad4,train,/work/data/classification_dataset/train/cate4-00106_jpg.rf.0b0e2b3d9605d72a3dff19bd1598180e.jpg,cate4-00106_jpg.rf.0b0e2b3d9605d72a3dff19bd1598180e.jpg,10,640,640,18,19,64,0.6683417558670044,"[56.30552291870117, 296.0706481933594, 118.1788558959961, 379.709228515625]","{'orig_w': 640, 'orig_h': 640, 'zoom_box': (32, 64, 608, 640), 'inference_w': 576, 'inference_h': 576, 'scale': 1.1111111111111112, 'new_w': 640, 'new_h': 640, 'pad_w': 0, 'pad_h': 0}",/work/scripts/detection_pipeline/inference pipelines/dataprep/prepared_tooth_crops/4ef020aad4/train/cate4-00106_jpg.rf.0b0e2b3d9605d72a3dff19bd1598180e.jpg/yolo_003_class_19_score_0p668.jpg,"[56, 296, 119, 380]",63,84
yolo_two_stage,4ef020aad4,train,/work/data/classification_dataset/train/cate4-00106_jpg.rf.0b0e2b3d9605d72a3dff19bd1598180e.jpg,cate4-00106_jpg.rf.0b0e2b3d9605d72a3dff19bd1598180e.jpg,10,640,640,1,2,47,0.6567417979240417,"[478.0308837890625, 304.4591064453125, 546.0995483398438, 439.244873046875]","{'orig_w': 640, 'orig_h': 640, 'zoom_box': (32, 64, 608, 640), 'inference_w': 576, 'inference_h': 576, 'scale': 1.1111111111111112, 'new_w': 640, 'new_h': 640, 'pad_w': 0, 'pad_h': 0}",/work/scripts/detection_pipeline/inference pipelines/dataprep/prepared_tooth_crops/4ef020aad4/train/cate4-00106_jpg.rf.0b0e2b3d9605d72a3dff19bd1598180e.jpg/yolo_004_class_2_score_0p657.jpg,"[478, 304, 547, 440]",69,136
yolo_two_stage,4ef020aad4,train,/work/data/classification_dataset/train/cate4-00106_jpg.rf.0b0e2b3d9605d72a3dff19bd1598180e.jpg,cate4-00106_jpg.rf.0b0e2b3d9605d72a3dff19bd1598180e.jpg,10,640,640,16,17,62,0.6190773248672485,"[154.51626586914062, 305.1453552246094, 207.96954345703125, 449.4788513183594]","{'orig_w': 640, 'orig_h': 640, 'zoom_box': (32, 64, 608, 640), 'inference_w': 576, 'inference_h': 576, 'scale': 1.1111111111111112, 'new_w': 640, 'new_h': 640, 'pad_w': 0, 'pad_h': 0}",/work/scripts/detection_pipeline/inference pipelines/dataprep/prepared_tooth_crops/4ef020aad4/train/cate4-00106_jpg.rf.0b0e2b3d9605d72a3dff19bd1598180e.jpg/yolo_005_class_17_score_0p619.jpg,"[154, 305, 208, 450]",54,145
yolo_two_stage,4ef020aad4,train,/work/data/classification_dataset/train/cate4-00106_jpg.rf.0b0e2b3d9605d72a3dff19bd1598180e.jpg,cate4-00106_jpg.rf.0b0e2b3d9605d72a3dff19bd1598180e.jpg,10,640,640,3,4,49,0.6008535027503967,"[110.9727554321289, 156.07327270507812, 154.96810913085938, 293.28607177734375]","{'orig_w': 640, 'orig_h': 640, 'zoom_box': (32, 64, 608, 640), 'inference_w': 576, 'inference_h': 576, 'scale': 1.1111111111111112, 'new_w': 640, 'new_h': 640, 'pad_w': 0, 'pad_h': 0}",/work/scripts/detection_pipeline/inference pipelines/dataprep/prepared_tooth_crops/4ef020aad4/train/cate4-00106_jpg.rf.0b0e2b3d9605d72a3dff19bd1598180e.jpg/yolo_006_class_4_score_0p601.jpg,"[110, 156, 155, 294]",45,138
yolo_two_stage,4ef020aad4,train,/work/data/classification_dataset/train/cate4-00106_jpg.rf.0b0e2b3d9605d72a3dff19bd1598180e.jpg,cate4-00106_jpg.rf.0b0e2b3d9605d72a3dff19bd1598180e.jpg,10,640,640,30,31,76,0.599652886390686,"[523.5423583984375, 138.61399841308594, 562.0720825195312, 234.18060302734375]","{'orig_w': 640, 'orig_h': 640, 'zoom_box': (32, 64, 608, 640), 'inference_w': 576, 'inference_h': 576, 'scale': 1.1111111111111112, 'new_w': 640, 'new_h': 640, 'pad_w': 0, 'pad_h': 0}",/work/scripts/detection_pipeline/inference pipelines/dataprep/prepared_tooth_crops/4ef020aad4/train/cate4-00106_jpg.rf.0b0e2b3d9605d72a3dff19bd1598180e.jpg/yolo_007_class_31_score_0p600.jpg,"[523, 138, 563, 235]",40,97
yolo_two_stage,4ef020aad4,train,/work/data/classification_dataset/train/cate4-00106_jpg.rf.0b0e2b3d9605d72a3dff19bd1598180e.jpg,cate4-00106_jpg.rf.0b0e2b3d9605d72a3dff19bd1598180e.jpg,10,640,640,12,13,58,0.5958274006843567,"[251.70993041992188, 298.87744140625, 282.39935302734375, 468.39581298828125]","{'orig_w': 640, 'orig_h': 640, 'zoom_box': (32, 64, 608, 640), 'inference_w': 576, 'inference_h': 576, 'scale': 1.1111111111111112, 'new_w': 640, 'new_h': 640, 'pad_w': 0, 'pad_h': 0}",/work/scripts/detection_pipeline/inference pipelines/dataprep/prepared_tooth_crops/4ef020aad4/train/cate4-00106_jpg.rf.0b0e2b3d9605d72a3dff19bd1598180e.jpg/yolo_008_class_13_score_0p596.jpg,"[251, 298, 283, 469]",32,171
yolo_two_stage,4ef020aad4,train,/work/data/classification_dataset/train/cate4-00106_jpg.rf.0b0e2b3d9605d72a3dff19bd1598180e.jpg,cate4-00106_jpg.rf.0b0e2b3d9605d72a3dff19bd1598180e.jpg,10,640,640,31,32,77,0.5918471217155457,"[526.0856323242188, 292.088134765625, 578.517578125, 413.2137145996094]","{'orig_w': 640, 'orig_h': 640, 'zoom_box': (32, 64, 608, 640), 'inference_w': 576, 'inference_h': 576, 'scale': 1.1111111111111112, 'new_w': 640, 'new_h': 640, 'pad_w': 0, 'pad_h': 0}",/work/scripts/detection_pipeline/inference pipelines/dataprep/prepared_tooth_crops/4ef020aad4/train/cate4-00106_jpg.rf.0b0e2b3d9605d72a3dff19bd1598180e.jpg/yolo_009_class_32_score_0p592.jpg,"[526, 292, 579, 414]",53,122
yolo_two_stage,4ef020aad4,train,/work/data/classification_dataset/train/cate4-00106_jpg.rf.0b0e2b3d9605d72a3dff19bd1598180e.jpg,cate4-00106_jpg.rf.0b0e2b3d9605d72a3dff19bd1598180e.jpg,10,640,640,2,3,48,0.5684272050857544,"[432.3118896484375, 313.38946533203125, 492.06256103515625, 452.9308166503906]","{'orig_w': 640, 'orig_h': 640, 'zoom_box': (32, 64, 608, 640), 'inference_w': 576, 'inference_h': 576, 'scale': 1.1111111111111112, 'new_w': 640, 'new_h': 640, 'pad_w': 0, 'pad_h': 0}",/work/scripts/detection_pipeline/inference pipelines/dataprep/prepared_tooth_crops/4ef020aad4/train/cate4-00106_jpg.rf.0b0e2b3d9605d72a3dff19bd1598180e.jpg/yolo_010_class_3_score_0p568.jpg,"[432, 313, 493, 453]",61,140
yolo_two_stage,4ef020aad4,train,/work/data/classification_dataset/train/cate4-00106_jpg.rf.0b0e2b3d9605d72a3dff19bd1598180e.jpg,cate4-00106_jpg.rf.0b0e2b3d9605d72a3dff19bd1598180e.jpg,10,640,640,19,20,65,0.5592189431190491,"[188.96348571777344, 156.86636352539062, 219.81690979003906, 294.61669921875]","{'orig_w': 640, 'orig_h': 640, 'zoom_box': (32, 64, 608, 640), 'inference_w': 576, 'inference_h': 576, 'scale': 1.1111111111111112, 'new_w': 640, 'new_h': 640, 'pad_w': 0, 'pad_h': 0}",/work/scripts/detection_pipeline/inference pipelines/dataprep/prepared_tooth_crops/4ef020aad4/train/cate4-00106_jpg.rf.0b0e2b3d9605d72a3dff19bd1598180e.jpg/yolo_011_class_20_score_0p559.jpg,"[188, 156, 220, 295]",32,139
yolo_two_stage,4ef020aad4,train,/work/data/classification_dataset/train/cate4-00106_jpg.rf.0b0e2b3d9605d72a3dff19bd1598180e.jpg,cate4-00106_jpg.rf.0b0e2b3d9605d72a3dff19bd1598180e.jpg,10,640,640,14,15,60,0.5319157242774963,"[199.9071807861328, 316.8934326171875, 239.10389709472656, 457.2708740234375]","{'orig_w': 640, 'orig_h': 640, 'zoom_box': (32, 64, 608, 640), 'inference_w': 576, 'inference_h': 576, 'scale': 1.1111111111111112, 'new_w': 640, 'new_h': 640, 'pad_w': 0, 'pad_h': 0}",/work/scripts/detection_pipeline/inference pipelines/dataprep/prepared_tooth_crops/4ef020aad4/train/cate4-00106_jpg.rf.0b0e2b3d9605d72a3dff19bd1598180e.jpg/yolo_012_class_15_score_0p532.jpg,"[199, 316, 240, 458]",41,142
yolo_two_stage,4ef020aad4,train,/work/data/classification_dataset/train/cate4-00106_jpg.rf.0b0e2b3d9605d72a3dff19bd1598180e.jpg,cate4-00106_jpg.rf.0b0e2b3d9605d72a3dff19bd1598180e.jpg,10,640,640,28,29,74,0.527328372001648,"[456.7937316894531, 173.4423828125, 497.1351318359375, 296.17596435546875]","{'orig_w': 640, 'orig_h': 640, 'zoom_box': (32, 64, 608, 640), 'inference_w': 576, 'inference_h': 576, 'scale': 1.1111111111111112, 'new_w': 640, 'new_h': 640, 'pad_w': 0, 'pad_h': 0}",/work/scripts/detection_pipeline/inference pipelines/dataprep/prepared_tooth_crops/4ef020aad4/train/cate4-00106_jpg.rf.0b0e2b3d9605d72a3dff19bd1598180e.jpg/yolo_013_class_29_score_0p527.jpg,"[456, 173, 498, 297]",42,124
yolo_two_stage,4ef020aad4,train,/work/data/classification_dataset/train/cate4-00106_jpg.rf.0b0e2b3d9605d72a3dff19bd1598180e.jpg,cate4-00106_jpg.rf.0b0e2b3d9605d72a3dff19bd1598180e.jpg,10,640,640,29,30,75,0.5188958048820496,"[493.8778381347656, 171.48922729492188, 541.81298828125, 296.30902099609375]","{'orig_w': 640, 'orig_h': 640, 'zoom_box': (32, 64, 608, 640), 'inference_w': 576, 'inference_h': 576, 'scale': 1.1111111111111112, 'new_w': 640, 'new_h': 640, 'pad_w': 0, 'pad_h': 0}",/work/scripts/detection_pipeline/inference pipelines/dataprep/prepared_tooth_crops/4ef020aad4/train/cate4-00106_jpg.rf.0b0e2b3d9605d72a3dff19bd1598180e.jpg/yolo_014_class_30_score_0p519.jpg,"[493, 171, 542, 297]",49,126
yolo_two_stage,4ef020aad4,train,/work/data/classification_dataset/train/cate4-00106_jpg.rf.0b0e2b3d9605d72a3dff19bd1598180e.jpg,cate4-00106_jpg.rf.0b0e2b3d9605d72a3dff19bd1598180e.jpg,10,640,640,22,23,68,0.5035625696182251,"[377.7471008300781, 119.33905029296875, 407.080078125, 300.98095703125]","{'orig_w': 640, 'orig_h': 640, 'zoom_box': (32, 64, 608, 640), 'inference_w': 576, 'inference_h': 576, 'scale': 1.1111111111111112, 'new_w': 640, 'new_h': 640, 'pad_w': 0, 'pad_h': 0}",/work/scripts/detection_pipeline/inference pipelines/dataprep/prepared_tooth_crops/4ef020aad4/train/cate4-00106_jpg.rf.0b0e2b3d9605d72a3dff19bd1598180e.jpg/yolo_015_class_23_score_0p504.jpg,"[377, 119, 408, 301]",31,182
yolo_two_stage,4ef020aad4,train,/work/data/classification_dataset/train/cate4-00106_jpg.rf.0b0e2b3d9605d72a3dff19bd1598180e.jpg,cate4-00106_jpg.rf.0b0e2b3d9605d72a3dff19bd1598180e.jpg,10,640,640,4,5,50,0.4750998616218567,"[406.0498352050781, 312.6182556152344, 443.7562561035156, 457.1598815917969]","{'orig_w': 640, 'orig_h': 640, 'zoom_box': (32, 64, 608, 640), 'inference_w': 576, 'inference_h': 576, 'scale': 1.1111111111111112, 'new_w': 640, 'new_h': 640, 'pad_w': 0, 'pad_h': 0}",/work/scripts/detection_pipeline/inference pipelines/dataprep/prepared_tooth_crops/4ef020aad4/train/cate4-00106_jpg.rf.0b0e2b3d9605d72a3dff19bd1598180e.jpg/yolo_016_class_5_score_0p475.jpg,"[406, 312, 444, 458]",38,146
yolo_two_stage,4ef020aad4,train,/work/data/classification_dataset/train/cate4-00106_jpg.rf.0b0e2b3d9605d72a3dff19bd1598180e.jpg,cate4-00106_jpg.rf.0b0e2b3d9605d72a3dff19bd1598180e.jpg,10,640,640,21,22,67,0.463774174451828,"[235.69522094726562, 122.54180908203125, 270.4271240234375, 300.643310546875]","{'orig_w': 640, 'orig_h': 640, 'zoom_box': (32, 64, 608, 640), 'inference_w': 576, 'inference_h': 576, 'scale': 1.1111111111111112, 'new_w': 640, 'new_h': 640, 'pad_w': 0, 'pad_h': 0}",/work/scripts/detection_pipeline/inference pipelines/dataprep/prepared_tooth_crops/4ef020aad4/train/cate4-00106_jpg.rf.0b0e2b3d9605d72a3dff19bd1598180e.jpg/yolo_017_class_22_score_0p464.jpg,"[235, 122, 271, 301]",36,179
yolo_two_stage,4ef020aad4,train,/work/data/classification_dataset/train/cate4-00106_jpg.rf.0b0e2b3d9605d72a3dff19bd1598180e.jpg,cate4-00106_jpg.rf.0b0e2b3d9605d72a3dff19bd1598180e.jpg,10,640,640,11,12,57,0.4226345121860504,"[353.4115905761719, 144.858154296875, 377.06817626953125, 292.48760986328125]","{'orig_w': 640, 'orig_h': 640, 'zoom_box': (32, 64, 608, 640), 'inference_w': 576, 'inference_h': 576, 'scale': 1.1111111111111112, 'new_w': 640, 'new_h': 640, 'pad_w': 0, 'pad_h': 0}",/work/scripts/detection_pipeline/inference pipelines/dataprep/prepared_tooth_crops/4ef020aad4/train/cate4-00106_jpg.rf.0b0e2b3d9605d72a3dff19bd1598180e.jpg/yolo_018_class_12_score_0p423.jpg,"[353, 144, 378, 293]",25,149
yolo_two_stage,4ef020aad4,train,/work/data/classification_dataset/train/cate4-00106_jpg.rf.0b0e2b3d9605d72a3dff19bd1598180e.jpg,cate4-00106_jpg.rf.0b0e2b3d9605d72a3dff19bd1598180e.jpg,10,640,640,13,14,59,0.41306811571121216,"[230.203125, 313.99884033203125, 259.9576110839844, 460.53594970703125]","{'orig_w': 640, 'orig_h': 640, 'zoom_box': (32, 64, 608, 640), 'inference_w': 576, 'inference_h': 576, 'scale': 1.1111111111111112, 'new_w': 640, 'new_h': 640, 'pad_w': 0, 'pad_h': 0}",/work/scripts/detection_pipeline/inference pipelines/dataprep/prepared_tooth_crops/4ef020aad4/train/cate4-00106_jpg.rf.0b0e2b3d9605d72a3dff19bd1598180e.jpg/yolo_019_class_14_score_0p413.jpg,"[230, 313, 260, 461]",30,148
yolo_two_stage,4ef020aad4,train,/work/data/classification_dataset/train/cate4-00106_jpg.rf.0b0e2b3d9605d72a3dff19bd1598180e.jpg,cate4-00106_jpg.rf.0b0e2b3d9605d72a3dff19bd1598180e.jpg,10,640,640,8,9,54,0.3943480849266052,"[318.10870361328125, 311.17138671875, 338.3833923339844, 422.315673828125]","{'orig_w': 640, 'orig_h': 640, 'zoom_box': (32, 64, 608, 640), 'inference_w': 576, 'inference_h': 576, 'scale': 1.1111111111111112, 'new_w': 640, 'new_h': 640, 'pad_w': 0, 'pad_h': 0}",/work/scripts/detection_pipeline/inference pipelines/dataprep/prepared_tooth_crops/4ef020aad4/train/cate4-00106_jpg.rf.0b0e2b3d9605d72a3dff19bd1598180e.jpg/yolo_020_class_9_score_0p394.jpg,"[318, 311, 339, 423]",21,112
yolo_two_stage,4ef020aad4,train,/work/data/classification_dataset/train/cate4-00106_jpg.rf.0b0e2b3d9605d72a3dff19bd1598180e.jpg,cate4-00106_jpg.rf.0b0e2b3d9605d72a3dff19bd1598180e.jpg,10,640,640,7,8,53,0.3865721821784973,"[334.19488525390625, 306.64495849609375, 357.100341796875, 433.45184326171875]","{'orig_w': 640, 'orig_h': 640, 'zoom_box': (32, 64, 608, 640), 'inference_w': 576, 'inference_h': 576, 'scale': 1.1111111111111112, 'new_w': 640, 'new_h': 640, 'pad_w': 0, 'pad_h': 0}",/work/scripts/detection_pipeline/inference pipelines/dataprep/prepared_tooth_crops/4ef020aad4/train/cate4-00106_jpg.rf.0b0e2b3d9605d72a3dff19bd1598180e.jpg/yolo_021_class_8_score_0p387.jpg,"[334, 306, 358, 434]",24,128
yolo_two_stage,4ef020aad4,train,/work/data/classification_dataset/train/cate4-00106_jpg.rf.0b0e2b3d9605d72a3dff19bd1598180e.jpg,cate4-00106_jpg.rf.0b0e2b3d9605d72a3dff19bd1598180e.jpg,10,640,640,6,7,52,0.3847883641719818,"[353.45184326171875, 302.037353515625, 386.1123962402344, 465.4346008300781]","{'orig_w': 640, 'orig_h': 640, 'zoom_box': (32, 64, 608, 640), 'inference_w': 576, 'inference_h': 576, 'scale': 1.1111111111111112, 'new_w': 640, 'new_h': 640, 'pad_w': 0, 'pad_h': 0}",/work/scripts/detection_pipeline/inference pipelines/dataprep/prepared_tooth_crops/4ef020aad4/train/cate4-00106_jpg.rf.0b0e2b3d9605d72a3dff19bd1598180e.jpg/yolo_022_class_7_score_0p385.jpg,"[353, 302, 387, 466]",34,164
yolo_two_stage,4ef020aad4,train,/work/data/classification_dataset/train/cate4-00106_jpg.rf.0b0e2b3d9605d72a3dff19bd1598180e.jpg,cate4-00106_jpg.rf.0b0e2b3d9605d72a3dff19bd1598180e.jpg,10,640,640,10,11,56,0.3843459188938141,"[278.9269104003906, 318.9364013671875, 306.9791259765625, 436.283935546875]","{'orig_w': 640, 'orig_h': 640, 'zoom_box': (32, 64, 608, 640), 'inference_w': 576, 'inference_h': 576, 'scale': 1.1111111111111112, 'new_w': 640, 'new_h': 640, 'pad_w': 0, 'pad_h': 0}",/work/scripts/detection_pipeline/inference pipelines/dataprep/prepared_tooth_crops/4ef020aad4/train/cate4-00106_jpg.rf.0b0e2b3d9605d72a3dff19bd1598180e.jpg/yolo_023_class_11_score_0p384.jpg,"[278, 318, 307, 437]",29,119
yolo_two_stage,4ef020aad4,train,/work/data/classification_dataset/train/cate4-00106_jpg.rf.0b0e2b3d9605d72a3dff19bd1598180e.jpg,cate4-00106_jpg.rf.0b0e2b3d9605d72a3dff19bd1598180e.jpg,10,640,640,5,6,51,0.37536999583244324,"[380.53314208984375, 309.3386535644531, 410.5278625488281, 454.1108093261719]","{'orig_w': 640, 'orig_h': 640, 'zoom_box': (32, 64, 608, 640), 'inference_w': 576, 'inference_h': 576, 'scale': 1.1111111111111112, 'new_w': 640, 'new_h': 640, 'pad_w': 0, 'pad_h': 0}",/work/scripts/detection_pipeline/inference pipelines/dataprep/prepared_tooth_crops/4ef020aad4/train/cate4-00106_jpg.rf.0b0e2b3d9605d72a3dff19bd1598180e.jpg/yolo_024_class_6_score_0p375.jpg,"[380, 309, 411, 455]",31,146
yolo_two_stage,4ef020aad4,train,/work/data/classification_dataset/train/cate4-00106_jpg.rf.0b0e2b3d9605d72a3dff19bd1598180e.jpg,cate4-00106_jpg.rf.0b0e2b3d9605d72a3dff19bd1598180e.jpg,10,640,640,20,21,66,0.3750028908252716,"[211.92376708984375, 147.1621856689453, 242.5196533203125, 294.1644287109375]","{'orig_w': 640, 'orig_h': 640, 'zoom_box': (32, 64, 608, 640), 'inference_w': 576, 'inference_h': 576, 'scale': 1.1111111111111112, 'new_w': 640, 'new_h': 640, 'pad_w': 0, 'pad_h': 0}",/work/scripts/detection_pipeline/inference pipelines/dataprep/prepared_tooth_crops/4ef020aad4/train/cate4-00106_jpg.rf.0b0e2b3d9605d72a3dff19bd1598180e.jpg/yolo_025_class_21_score_0p375.jpg,"[211, 147, 243, 295]",32,148
yolo_two_stage,4ef020aad4,train,/work/data/classification_dataset/train/cate4-00106_jpg.rf.0b0e2b3d9605d72a3dff19bd1598180e.jpg,cate4-00106_jpg.rf.0b0e2b3d9605d72a3dff19bd1598180e.jpg,10,640,640,27,28,73,0.34607455134391785,"[429.475830078125, 165.9756317138672, 461.2429504394531, 296.88934326171875]","{'orig_w': 640, 'orig_h': 640, 'zoom_box': (32, 64, 608, 640), 'inference_w': 576, 'inference_h': 576, 'scale': 1.1111111111111112, 'new_w': 640, 'new_h': 640, 'pad_w': 0, 'pad_h': 0}",/work/scripts/detection_pipeline/inference pipelines/dataprep/prepared_tooth_crops/4ef020aad4/train/cate4-00106_jpg.rf.0b0e2b3d9605d72a3dff19bd1598180e.jpg/yolo_026_class_28_score_0p346.jpg,"[429, 165, 462, 297]",33,132
yolo_two_stage,4ef020aad4,train,/work/data/classification_dataset/train/cate4-00106_jpg.rf.0b0e2b3d9605d72a3dff19bd1598180e.jpg,cate4-00106_jpg.rf.0b0e2b3d9605d72a3dff19bd1598180e.jpg,10,640,640,9,10,55,0.3352322578430176,"[299.2239990234375, 306.18212890625, 321.5027770996094, 424.6583251953125]","{'orig_w': 640, 'orig_h': 640, 'zoom_box': (32, 64, 608, 640), 'inference_w': 576, 'inference_h': 576, 'scale': 1.1111111111111112, 'new_w': 640, 'new_h': 640, 'pad_w': 0, 'pad_h': 0}",/work/scripts/detection_pipeline/inference pipelines/dataprep/prepared_tooth_crops/4ef020aad4/train/cate4-00106_jpg.rf.0b0e2b3d9605d72a3dff19bd1598180e.jpg/yolo_027_class_10_score_0p335.jpg,"[299, 306, 322, 425]",23,119
yolo_two_stage,4ef020aad4,train,/work/data/classification_dataset/train/cate4-00106_jpg.rf.0b0e2b3d9605d72a3dff19bd1598180e.jpg,cate4-00106_jpg.rf.0b0e2b3d9605d72a3dff19bd1598180e.jpg,10,640,640,26,27,72,0.3276701271533966,"[401.3006591796875, 156.57821655273438, 431.00927734375, 296.5059509277344]","{'orig_w': 640, 'orig_h': 640, 'zoom_box': (32, 64, 608, 640), 'inference_w': 576, 'inference_h': 576, 'scale': 1.1111111111111112, 'new_w': 640, 'new_h': 640, 'pad_w': 0, 'pad_h': 0}",/work/scripts/detection_pipeline/inference pipelines/dataprep/prepared_tooth_crops/4ef020aad4/train/cate4-00106_jpg.rf.0b0e2b3d9605d72a3dff19bd1598180e.jpg/yolo_028_class_27_score_0p328.jpg,"[401, 156, 432, 297]",31,141
yolo_two_stage,4ef020aad4,train,/work/data/classification_dataset/train/cate4-00106_jpg.rf.0b0e2b3d9605d72a3dff19bd1598180e.jpg,cate4-00106_jpg.rf.0b0e2b3d9605d72a3dff19bd1598180e.jpg,10,640,640,23,24,69,0.294983446598053,"[265.51104736328125, 139.42156982421875, 297.109375, 298.97320556640625]","{'orig_w': 640, 'orig_h': 640, 'zoom_box': (32, 64, 608, 640), 'inference_w': 576, 'inference_h': 576, 'scale': 1.1111111111111112, 'new_w': 640, 'new_h': 640, 'pad_w': 0, 'pad_h': 0}",/work/scripts/detection_pipeline/inference pipelines/dataprep/prepared_tooth_crops/4ef020aad4/train/cate4-00106_jpg.rf.0b0e2b3d9605d72a3dff19bd1598180e.jpg/yolo_029_class_24_score_0p295.jpg,"[265, 139, 298, 299]",33,160
